protein_id,motif_ac,start_pos,end_pos,score,length
A0A087X0K9,PS50106,23,110,0,88
A0A087X0K9,PS50106,186,264,0,79
A0A087X0K9,PS50106,421,502,0,82
A0A087X0K9,PS50002,516,584,0,69
A0A087X0K9,PS50052,690,791,0,102
A0A087X0K9,PS51145,1634,1768,0,135
A0A1B0GTU4,PS50023,846,905,0,60
A0A1B0GTU4,PS00478,848,881,,34
A0A1B0GTU4,PS50023,906,963,0,58
A0A1B0GTU4,PS00478,907,940,,34
A0A1B0GTU4,PS50023,964,1023,0,60
A0A1B0GTU4,PS00478,966,999,,34
A0A1B0GTU4,PS50023,1024,1081,0,58
A0A1B0GTU4,PS00478,1025,1058,,34
A0A2R8YG42,PS50021,1,112,0,112
A0A2R8YG42,PS50002,163,222,0,60
A0A2R8YG42,PS50010,250,430,0,181
A0A2R8YG42,PS00741,378,403,,26
A0A2R8YG42,PS50003,452,557,1,106
A0A6Q8PGB0,PS00115,1593,1599,,7
A0A6Q8PGB0,PS00115,1615,1621,,7
A0A6Q8PGB0,PS00115,1622,1628,,7
A0A6Q8PGB0,PS00115,1629,1635,,7
A0A6Q8PGB0,PS00115,1636,1642,,7
A0A6Q8PGB0,PS00115,1643,1649,,7
A0A6Q8PGB0,PS00115,1650,1656,,7
A0A6Q8PGB0,PS00115,1657,1663,,7
A0A6Q8PGB0,PS00115,1664,1670,,7
A0A6Q8PGB0,PS00115,1671,1677,,7
A0A6Q8PGB0,PS00115,1678,1684,,7
A0A6Q8PGB0,PS00115,1685,1691,,7
A0A6Q8PGB0,PS00115,1692,1698,,7
A0A6Q8PGB0,PS00115,1699,1705,,7
A0A6Q8PGB0,PS00115,1706,1712,,7
A0A6Q8PGB0,PS00115,1713,1719,,7
A0A6Q8PGB0,PS00115,1720,1726,,7
A0A6Q8PGB0,PS00115,1727,1733,,7
A0A6Q8PGB0,PS00115,1734,1740,,7
A0A6Q8PGB0,PS00115,1741,1747,,7
A0A6Q8PGB0,PS00115,1748,1754,,7
A0A6Q8PGB0,PS00115,1755,1761,,7
A0A6Q8PGB0,PS00115,1762,1768,,7
A0A6Q8PGB0,PS00115,1769,1775,,7
A0A6Q8PGB0,PS00115,1776,1782,,7
A0A6Q8PGB0,PS00115,1783,1789,,7
A0A6Q8PGB0,PS00115,1790,1796,,7
A0A6Q8PGB0,PS00115,1797,1803,,7
A0A6Q8PGB0,PS00115,1818,1824,,7
A0A6Q8PGB0,PS00115,1825,1831,,7
A0A6Q8PGB0,PS00115,1839,1845,,7
A0A6Q8PGB0,PS00115,1853,1859,,7
A0A6Q8PGB0,PS00115,1860,1866,,7
A0A6Q8PGB0,PS00115,1867,1873,,7
A0A6Q8PGB0,PS00115,1874,1880,,7
A0A6Q8PGB0,PS00115,1888,1894,,7
A0A6Q8PGB0,PS00115,1902,1908,,7
A0A6Q8PGB0,PS00115,1909,1915,,7
A0A6Q8PGB0,PS00115,1916,1922,,7
A0A6Q8PGB0,PS00115,1923,1929,,7
A0A6Q8PGB0,PS00115,1930,1936,,7
A0A6Q8PGB0,PS00115,1947,1953,,7
A0A804HJG7,PS50077,168,206,0,39
A0A804HKD7,PS01179,136,251,0,116
A0A804HKD7,PS50086,538,724,0,187
A0A804HKE7,PS51491,2068,2098,0,31
A0A804HKE7,PS00229,2085,2097,,13
A0A804HKE7,PS51491,2137,2167,0,31
A0A804HKE7,PS00229,2154,2166,,13
A0A804HKE7,PS51491,2168,2198,0,31
A0A804HKE7,PS00229,2185,2197,,13
A0A804HKE7,PS51491,2199,2230,0,32
A0A804HKE7,PS00229,2217,2229,,13
A0A8I5KYC8,PS50102,333,411,0,79
A0A8V8TLP7,PS50077,168,206,0,39
A0AV96,PS50102,71,144,0,74
A0AV96,PS50102,151,233,0,83
A0AV96,PS50102,246,318,0,73
A1L167,PS50127,1,154,0,154
A1L188,PS51808,22,69,0,48
A1L1A6,PS50835,20,128,0,109
A1Z1Q3,PS51154,59,240,0,182
A2A288,PS50103,248,279,0,32
A2RRP1,PS00527,2207,2229,,23
A4UGR9,PS51389,362,377,0,16
A4UGR9,PS51389,397,412,0,16
A4UGR9,PS51389,437,452,0,16
A4UGR9,PS51389,474,489,0,16
A4UGR9,PS51389,512,527,0,16
A4UGR9,PS51389,552,567,0,16
A4UGR9,PS51389,590,605,0,16
A4UGR9,PS51389,628,643,0,16
A4UGR9,PS51389,661,676,0,16
A4UGR9,PS51389,695,710,0,16
A4UGR9,PS51389,732,747,0,16
A4UGR9,PS51389,768,783,0,16
A4UGR9,PS51389,799,814,0,16
A4UGR9,PS51389,837,852,0,16
A4UGR9,PS51389,875,890,0,16
A4UGR9,PS51389,914,929,0,16
A4UGR9,PS51389,947,962,0,16
A4UGR9,PS51389,985,1000,0,16
A4UGR9,PS51389,1020,1035,0,16
A4UGR9,PS51389,1059,1074,0,16
A4UGR9,PS51389,1095,1110,0,16
A4UGR9,PS51389,1132,1147,0,16
A4UGR9,PS51389,1170,1185,0,16
A4UGR9,PS51389,1207,1222,0,16
A4UGR9,PS51389,1241,1256,0,16
A4UGR9,PS51389,1272,1287,0,16
A4UGR9,PS51389,1310,1325,0,16
A4UGR9,PS51389,1345,1360,0,16
A6H8Y1,PS00697,344,352,,9
A6NK89,PS50200,1,133,0,133
A8K830,PS52003,5,27,0,23
A8MQ27,PS51065,38,194,0,157
A8MQ27,PS51065,279,433,0,155
A8MQ27,PS50089,503,543,0,41
A8MW92,PS01359,684,726,,43
A8MZ59,PS50071,6,66,0,61
A8MZ59,PS00027,41,64,,24
E9PES4,PS50067,14,345,0,332
E9PES4,PS00411,244,255,,12
F6WQW2,PS50196,103,241,0,139
F8VXC8,PS52032,1,274,0,274
F8VXC8,PS50934,424,521,0,98
F8VXC8,PS51293,627,678,0,52
G5E948,PS50011,25,289,0,265
G5E948,PS00107,31,54,,24
G5E948,PS00108,149,161,,13
G5E948,PS50219,1071,1358,0,288
H0Y4W2,PS00196,2657,2671,,15
H0Y4W2,PS51189,2699,3271,0,573
H0Y4W2,PS50290,3514,3837,0,324
H0Y4W2,PS51190,3841,3873,0,33
H0Y6G2,PS50011,14,272,0,259
H0Y6G2,PS00107,20,43,,24
H0Y6G2,PS00108,132,144,,13
H0YDB2,PS50105,132,190,0,59
H3BPG6,PS50089,29,69,0,41
H3BPG6,PS00028,189,210,,22
J3KPD3,PS50102,10,87,0,78
O00206,PS51257,1,20,0,20
O00206,PS51450,55,76,0,22
O00206,PS51450,79,100,0,22
O00206,PS51450,103,124,0,22
O00206,PS51450,151,172,0,22
O00206,PS51450,176,199,0,24
O00206,PS51450,374,394,0,21
O00206,PS51450,400,422,0,23
O00206,PS51450,423,444,0,22
O00206,PS51450,497,518,0,22
O00206,PS51450,521,542,0,22
O00206,PS51450,545,565,0,21
O00206,PS50104,672,815,0,144
O00231,PS50250,224,392,0,169
O00232,PS50250,242,420,0,179
O00257,PS50013,11,69,0,59
O00257,PS00598,28,48,,21
O00311,PS50011,58,569,0,512
O00311,PS00107,64,90,,27
O00311,PS00108,173,185,,13
O00391,PS51352,36,156,0,121
O00391,PS51324,396,503,0,108
O00408,PS51845,578,902,0,325
O00408,PS00126,696,707,,12
O00411,PS00900,918,929,,12
O00411,PS00489,985,999,,15
O00442,PS01287,158,168,,11
O00443,PS51546,421,509,0,89
O00443,PS51547,682,841,0,160
O00443,PS51545,861,1037,0,177
O00443,PS50290,1105,1383,0,279
O00443,PS00915,1137,1151,,15
O00443,PS00916,1235,1255,,21
O00443,PS50195,1422,1538,0,117
O00443,PS50004,1555,1678,0,124
O00444,PS50011,12,265,0,254
O00444,PS00107,18,41,,24
O00444,PS00109,132,144,,13
O00444,PS51984,586,699,0,114
O00444,PS51985,700,813,0,114
O00444,PS50078,886,964,0,79
O00463,PS50089,45,85,0,41
O00463,PS00518,60,69,,10
O00463,PS50145,128,181,0,54
O00463,PS50145,183,239,0,57
O00463,PS50144,403,549,0,147
O00488,PS50157,61,90,0,30
O00488,PS00028,63,85,,23
O00506,PS50011,20,270,0,251
O00506,PS00107,26,49,,24
O00519,PS00571,215,246,,32
O00541,PS50172,322,415,0,94
O00562,PS51043,686,880,0,195
O00746,PS51374,38,174,0,137
O00746,PS00469,148,156,,9
O00750,PS51546,375,463,0,89
O00750,PS51547,635,786,0,152
O00750,PS51545,805,981,0,177
O00750,PS50290,1050,1328,0,279
O00750,PS00915,1082,1096,,15
O00750,PS00916,1180,1200,,21
O00750,PS50195,1365,1481,0,117
O00750,PS50004,1504,1624,0,121
O00767,PS00476,294,308,,15
O14492,PS50003,193,306,0,114
O14492,PS50001,417,515,0,99
O14523,PS50004,268,389,0,122
O14558,PS01031,55,160,0,106
O14561,PS50075,77,152,0,76
O14561,PS00012,107,122,,16
O14561,PS00018,132,144,,13
O14662,PS50192,230,292,0,63
O14662,PS00914,236,275,,40
O14672,PS50215,220,456,0,237
O14672,PS00142,380,389,,10
O14672,PS50214,457,551,0,95
O14686,PS51805,104,218,0,115
O14686,PS01359,172,247,,76
O14686,PS50016,226,276,0,51
O14686,PS50089,229,274,0,46
O14686,PS01359,229,294,,66
O14686,PS01359,244,320,,77
O14686,PS50016,273,323,0,51
O14686,PS50016,1377,1430,0,54
O14686,PS01359,1380,1448,,69
O14686,PS01359,1397,1474,,78
O14686,PS50016,1427,1477,0,51
O14686,PS50016,1504,1559,0,56
O14686,PS00398,1867,1879,,13
O14686,PS51805,5029,5137,0,109
O14686,PS51542,5175,5235,0,61
O14686,PS51543,5236,5321,0,86
O14686,PS50280,5397,5513,0,117
O14686,PS50868,5521,5537,0,17
O14727,PS50209,1,90,0,90
O14727,PS50082,611,652,0,42
O14727,PS50294,611,1212,0,602
O14727,PS50082,653,694,0,42
O14727,PS00678,672,686,,15
O14727,PS50082,695,738,0,44
O14727,PS00678,716,730,,15
O14727,PS50082,739,780,0,42
O14727,PS00678,758,772,,15
O14727,PS50082,878,910,0,33
O14727,PS50082,999,1031,0,33
O14727,PS50082,1040,1080,0,41
O14727,PS50082,1081,1115,0,35
O14727,PS50082,1123,1164,0,42
O14727,PS00678,1142,1156,,15
O14730,PS01245,402,413,,12
O14732,PS00629,98,111,,14
O14732,PS00630,230,244,,15
O14733,PS50011,120,380,0,261
O14733,PS00108,239,251,,13
O14735,PS00379,50,72,,23
O14744,PS51678,308,615,0,308
O14746,PS50878,605,935,0,331
O14757,PS50011,9,265,0,257
O14757,PS00107,15,38,,24
O14757,PS00108,126,138,,13
O14842,PS50262,22,276,0,255
O14862,PS50824,1,87,0,87
O14862,PS50834,138,337,0,200
O14867,PS50097,34,100,0,67
O14867,PS00036,562,577,,16
O14867,PS50217,562,620,0,59
O14901,PS50157,394,423,0,30
O14901,PS00028,396,418,,23
O14901,PS50157,424,453,0,30
O14901,PS00028,426,448,,23
O14901,PS50157,454,481,0,28
O14901,PS00028,456,476,,21
O14924,PS50106,22,99,0,78
O14924,PS01179,228,340,0,113
O14924,PS50132,715,832,0,118
O14924,PS50898,962,1032,0,71
O14924,PS50898,1034,1104,0,71
O14924,PS50877,1187,1209,0,23
O14939,PS50195,65,195,0,131
O14939,PS50035,437,464,0,28
O14939,PS50035,751,778,0,28
O14948,PS50888,139,192,0,54
O14950,PS50222,29,64,0,36
O14950,PS00018,42,54,,13
O14950,PS50222,98,133,0,36
O14950,PS50222,134,169,0,36
O14964,PS50179,15,143,0,129
O14964,PS50178,160,220,0,61
O14964,PS50330,258,277,0,20
O14965,PS50011,133,383,0,251
O14965,PS00107,139,162,,24
O14965,PS00108,252,264,,13
O14966,PS51419,3,203,0,201
O14976,PS50011,40,314,0,275
O14976,PS00108,169,181,,13
O14976,PS51181,399,566,0,168
O14976,PS51182,572,710,0,139
O14976,PS50076,1247,1311,0,65
O14979,PS50102,148,230,0,83
O14979,PS50102,233,312,0,80
O14980,PS50166,46,112,0,67
O15018,PS50106,94,160,0,67
O15018,PS50106,334,419,0,86
O15018,PS50106,586,672,0,87
O15018,PS50106,728,798,0,71
O15018,PS00107,737,767,,31
O15018,PS50106,2622,2694,0,73
O15018,PS50106,2750,2835,0,86
O15042,PS50102,274,355,0,82
O15042,PS50128,430,473,0,44
O15042,PS51391,534,679,0,146
O15047,PS50102,84,172,0,89
O15047,PS50280,1568,1685,0,118
O15047,PS50868,1691,1707,0,17
O15056,PS50275,120,444,0,325
O15056,PS50102,889,968,0,80
O15066,PS50067,9,340,0,332
O15066,PS00411,239,250,,12
O15085,PS50106,47,111,0,65
O15085,PS50132,313,419,0,107
O15085,PS50010,734,923,0,190
O15085,PS50003,965,1079,1,115
O15090,PS50157,130,157,0,28
O15090,PS00028,132,152,,21
O15090,PS50157,158,180,0,23
O15090,PS50157,274,302,0,29
O15090,PS00028,276,297,,22
O15090,PS50157,345,372,0,28
O15090,PS00028,347,367,,21
O15090,PS50157,373,400,0,28
O15090,PS00028,374,395,,22
O15090,PS50157,631,658,0,28
O15090,PS00028,633,653,,21
O15090,PS50157,751,778,0,28
O15090,PS00028,753,773,,21
O15090,PS50157,779,806,0,28
O15143,PS50082,48,82,0,35
O15143,PS50294,48,89,0,42
O15155,PS50192,26,88,0,63
O15160,PS00446,74,114,,41
O15165,PS50068,16,48,0,33
O15165,PS01209,24,47,,24
O15205,PS50053,8,83,0,76
O15205,PS50053,74,165,0,92
O15213,PS50294,271,396,0,126
O15213,PS00105,305,318,,14
O15213,PS00178,327,337,,11
O15213,PS50082,355,389,0,35
O15260,PS01339,236,250,,15
O15265,PS51505,334,401,0,68
O15294,PS50005,21,54,0,34
O15294,PS50293,21,496,0,476
O15294,PS50005,89,122,0,34
O15294,PS50005,123,156,0,34
O15294,PS50005,157,190,0,34
O15294,PS50005,191,224,0,34
O15294,PS50005,225,258,0,34
O15294,PS50005,259,292,0,34
O15294,PS50005,293,326,0,34
O15294,PS50005,327,360,0,34
O15294,PS50005,361,394,0,34
O15294,PS50005,395,428,0,34
O15294,PS50005,429,462,0,34
O15297,PS51746,8,375,0,368
O15297,PS01032,100,108,,9
O15304,PS00197,130,138,,9
O15355,PS51746,26,505,0,480
O15355,PS01032,55,63,,9
O15357,PS50001,21,117,0,97
O15357,PS50105,1201,1258,0,58
O15370,PS50118,40,108,0,69
O15381,PS00674,404,422,,19
O15381,PS00674,718,736,,19
O15393,PS50068,112,149,0,38
O15393,PS01209,126,148,,23
O15393,PS50287,158,189,0,32
O15393,PS50240,256,489,0,234
O15393,PS00134,292,297,,6
O15393,PS00135,435,446,,12
O15439,PS50929,93,377,0,285
O15439,PS50893,410,633,0,224
O15439,PS00211,535,549,,15
O15439,PS50929,715,1005,0,291
O15439,PS50893,1041,1274,0,234
O15439,PS00211,1177,1191,,15
O15440,PS50929,180,459,0,280
O15440,PS50893,562,783,0,222
O15440,PS00211,685,699,,15
O15440,PS50929,860,1155,0,296
O15440,PS50893,1193,1427,0,235
O15440,PS00211,1330,1344,,15
O15498,PS50859,8,115,0,108
O15498,PS50892,138,198,0,61
O15504,PS50103,1,25,0,25
O15524,PS50001,79,174,0,96
O15524,PS50225,161,210,0,50
O15530,PS51257,1,23,0,23
O15530,PS50011,82,342,0,261
O15530,PS00107,88,111,,24
O15530,PS00108,201,213,,13
O15541,PS50103,196,224,0,29
O15541,PS50089,262,300,0,39
O15541,PS00518,277,286,,10
O43147,PS50826,34,191,0,158
O43147,PS50086,566,939,0,374
O43148,PS51562,167,475,0,309
O43159,PS01184,380,394,,15
O43175,PS00065,148,175,,28
O43175,PS00670,196,218,,23
O43175,PS00671,225,241,,17
O43175,PS00306,421,428,,8
O43182,PS50238,401,602,0,202
O43242,PS50250,286,465,0,180
O43255,PS50089,80,115,0,36
O43255,PS51081,133,193,0,61
O43257,PS51083,117,149,0,33
O43278,PS50986,57,140,0,84
O43278,PS50279,250,300,0,51
O43278,PS00280,278,296,,19
O43278,PS50068,334,370,0,37
O43278,PS01209,347,369,,23
O43278,PS50279,391,441,0,51
O43278,PS00280,419,437,,19
O43293,PS50011,13,275,0,263
O43293,PS00107,19,46,,28
O43293,PS00108,135,147,,13
O43318,PS50011,36,291,0,256
O43318,PS00107,42,63,,22
O43318,PS00108,152,164,,13
O43324,PS50405,50,173,0,124
O43353,PS50011,18,294,0,277
O43353,PS00108,142,154,,13
O43353,PS50209,432,524,0,93
O43395,PS51025,1,87,0,87
O43396,PS00194,26,44,,19
O43396,PS51532,115,285,0,171
O43402,PS50249,4,150,0,147
O43462,PS00142,168,177,,10
O43502,PS50162,96,286,0,191
O43543,PS50162,16,197,0,182
O43566,PS50132,67,184,0,118
O43566,PS50898,302,372,0,71
O43566,PS50898,374,444,0,71
O43566,PS50877,498,520,0,23
O43567,PS50089,240,282,0,43
O43567,PS01186,264,278,,15
O43572,PS50132,125,369,0,245
O43572,PS50132,379,505,0,127
O43583,PS50296,115,182,0,68
O43586,PS51741,5,264,0,260
O43586,PS50002,359,416,0,58
O43614,PS50262,71,364,0,294
O43614,PS00237,140,156,,17
O43639,PS50002,2,61,0,60
O43639,PS50002,111,170,0,60
O43639,PS50002,195,257,0,63
O43639,PS50001,285,379,0,95
O43660,PS50082,200,241,0,42
O43660,PS50294,200,499,0,300
O43660,PS50082,242,283,0,42
O43660,PS50082,284,325,0,42
O43660,PS00678,303,317,,15
O43660,PS50082,326,367,0,42
O43660,PS00678,345,359,,15
O43660,PS50082,409,449,0,41
O43665,PS50132,41,154,0,114
O43670,PS00028,13,34,,22
O43670,PS00028,37,58,,22
O43683,PS51489,11,182,0,172
O43683,PS50011,787,1085,0,299
O43683,PS00107,793,821,,29
O43683,PS00108,913,925,,13
O43707,PS50021,50,154,0,105
O43707,PS00019,52,61,,10
O43707,PS00020,126,150,,25
O43707,PS50021,163,269,0,107
O43707,PS50222,765,800,0,36
O43707,PS00018,778,790,,13
O43707,PS50222,806,841,0,36
O43715,PS51808,5,55,0,51
O43719,PS50102,133,218,0,86
O43719,PS50102,264,349,0,86
O43747,PS50180,702,817,0,116
O43808,PS50920,7,92,0,86
O43808,PS50920,99,192,0,94
O43808,PS50920,200,294,0,95
O43819,PS51352,85,259,0,175
O43822,PS51450,41,62,0,22
O43822,PS51450,63,84,0,22
O43823,PS51799,392,414,0,23
O43823,PS51799,481,504,0,24
O43829,PS50097,36,102,0,67
O43829,PS50157,277,304,0,28
O43829,PS00028,279,299,,21
O43829,PS50157,305,332,0,28
O43829,PS00028,307,327,,21
O43829,PS50157,333,360,0,28
O43829,PS00028,335,355,,21
O43829,PS50157,361,388,0,28
O43829,PS00028,363,383,,21
O43829,PS50157,389,417,0,29
O43829,PS00028,391,412,,22
O43889,PS50217,150,213,0,64
O43889,PS00036,155,170,,16
O43903,PS50021,34,156,0,123
O43903,PS51460,197,270,0,74
O43933,PS00674,977,995,,19
O60231,PS51192,409,573,0,165
O60231,PS00690,515,524,,10
O60231,PS51194,598,771,0,174
O60241,PS50092,309,362,0,54
O60241,PS50092,364,417,0,54
O60241,PS50092,419,472,0,54
O60241,PS50092,475,528,0,54
O60241,PS50227,521,591,0,71
O60241,PS50221,757,924,0,168
O60241,PS50261,932,1206,0,275
O60260,PS50053,1,72,0,72
O60260,PS51873,234,465,0,232
O60266,PS50125,319,446,0,128
O60266,PS00452,423,446,,24
O60266,PS50125,923,1075,0,153
O60266,PS00452,1052,1075,,24
O60291,PS50089,278,317,0,40
O60293,PS50293,1361,1434,0,74
O60293,PS50293,1602,1669,0,68
O60313,PS51718,285,561,0,277
O60318,PS50250,775,958,0,184
O60331,PS51455,75,443,0,369
O60333,PS50067,5,354,0,350
O60333,PS00411,242,253,,12
O60333,PS50006,556,612,0,57
O60333,PS50003,1701,1799,1,99
O60337,PS51292,1,62,0,62
O60341,PS50934,174,273,0,100
O60381,PS51148,203,345,0,143
O60381,PS50118,434,502,0,69
O60462,PS01180,28,142,0,115
O60462,PS01180,149,267,0,119
O60462,PS50022,277,427,0,151
O60462,PS01285,317,346,,30
O60462,PS01286,411,427,,17
O60462,PS50022,434,592,0,159
O60462,PS01285,473,505,,33
O60462,PS01286,575,592,,18
O60462,PS50060,644,802,0,159
O60493,PS50195,27,151,0,125
O60502,PS52009,60,336,0,277
O60503,PS50125,394,521,0,128
O60503,PS00452,498,521,,24
O60503,PS50125,1058,1198,0,141
O60503,PS00452,1175,1198,,24
O60508,PS50082,284,318,0,35
O60508,PS50294,284,579,0,296
O60508,PS00678,304,318,,15
O60508,PS50082,328,369,0,42
O60508,PS50082,414,446,0,33
O60508,PS50082,514,545,0,32
O60508,PS50082,546,579,0,34
O60566,PS51489,62,226,0,165
O60573,PS00813,112,135,,24
O60635,PS00421,64,86,,23
O60662,PS50097,33,100,0,68
O60662,PS00374,44,50,,7
O60733,PS50088,151,184,0,34
O60733,PS50297,151,412,0,262
O60733,PS50088,219,251,0,33
O60733,PS50088,316,348,0,33
O60733,PS50088,349,381,0,33
O60733,PS51635,481,665,0,185
O60760,PS50404,2,79,0,78
O60760,PS50405,81,199,0,119
O60763,PS50176,60,97,0,38
O60784,PS50179,20,152,0,133
O60784,PS50909,215,303,0,89
O60832,PS50890,296,371,0,76
O60869,PS50943,81,135,0,55
O60870,PS00028,28,50,,23
O60883,PS50262,147,416,0,270
O60885,PS50014,58,164,0,107
O60885,PS00633,80,139,,60
O60885,PS50014,348,457,0,110
O60885,PS51525,600,682,0,83
O60934,PS50006,24,83,1,60
O60936,PS50209,4,83,0,80
O75064,PS51498,44,203,0,160
O75064,PS50211,195,644,0,450
O75064,PS51375,812,846,0,35
O75083,PS50082,54,95,0,42
O75083,PS50294,54,606,0,553
O75083,PS50082,185,226,0,42
O75083,PS50082,230,271,0,42
O75083,PS00678,249,263,,15
O75083,PS50082,316,359,0,44
O75083,PS50082,528,569,0,42
O75121,PS50835,47,141,0,95
O75132,PS50808,115,172,0,58
O75132,PS50808,285,342,0,58
O75132,PS50808,456,512,0,57
O75132,PS50808,558,615,0,58
O75144,PS50835,6,129,0,124
O75144,PS50835,141,227,0,87
O75147,PS50835,12,100,0,89
O75147,PS50835,128,225,0,98
O75147,PS50835,243,330,0,88
O75147,PS50835,339,425,0,87
O75147,PS50853,517,615,0,99
O75147,PS50835,714,800,0,87
O75147,PS50835,804,893,0,90
O75147,PS50835,902,982,0,81
O75147,PS50835,986,1075,0,90
O75147,PS50835,1078,1172,0,95
O75147,PS50835,1174,1261,0,88
O75147,PS50835,1265,1343,0,79
O75147,PS50835,1357,1534,0,178
O75147,PS50835,1628,1720,0,93
O75147,PS50835,1794,1896,0,103
O75154,PS50222,202,237,0,36
O75154,PS50222,244,269,0,26
O75154,PS51511,694,756,0,63
O75165,PS50076,1301,1358,0,58
O75165,PS00178,2210,2221,,12
O75179,PS50297,233,1407,0,1175
O75179,PS50088,300,332,0,33
O75179,PS50088,333,365,0,33
O75179,PS50088,366,398,0,33
O75179,PS50088,400,432,0,33
O75179,PS50088,433,465,0,33
O75179,PS50088,466,498,0,33
O75179,PS50088,499,531,0,33
O75179,PS50088,563,595,0,33
O75179,PS50088,596,628,0,33
O75179,PS50088,629,661,0,33
O75179,PS50088,663,695,0,33
O75179,PS50088,1082,1114,0,33
O75179,PS50088,1115,1147,0,33
O75179,PS50088,1149,1181,0,33
O75179,PS50088,1182,1214,0,33
O75179,PS50088,1217,1249,0,33
O75179,PS50088,1251,1283,0,33
O75179,PS50088,1284,1316,0,33
O75179,PS50088,1319,1351,0,33
O75179,PS50088,1352,1384,0,33
O75179,PS50084,1725,1789,0,65
O75319,PS50054,61,208,0,148
O75319,PS50056,128,197,0,70
O75319,PS00383,150,160,,11
O75340,PS50222,23,58,0,36
O75340,PS00018,36,48,,13
O75340,PS50222,90,125,0,36
O75340,PS00018,103,115,,13
O75340,PS50222,156,191,0,36
O75344,PS50059,54,143,0,90
O75344,PS50293,219,286,0,68
O75379,PS50892,52,112,0,61
O75379,PS00417,70,89,,20
O75385,PS50011,16,278,0,263
O75385,PS00107,22,46,,25
O75385,PS00108,134,146,,13
O75396,PS50859,6,119,0,114
O75396,PS50892,134,194,0,61
O75417,PS51192,102,286,0,185
O75417,PS51194,321,554,0,234
O75417,PS00447,2379,2398,,20
O75475,PS50812,7,64,0,58
O75489,PS00542,167,188,,22
O75508,PS01346,51,65,,15
O75509,PS50050,90,131,0,42
O75509,PS00652,91,133,,43
O75509,PS50017,415,498,0,84
O75521,PS51228,39,124,0,86
O75521,PS00880,57,75,,19
O75534,PS51857,25,89,0,65
O75534,PS00352,37,56,,20
O75534,PS00436,43,54,,12
O75534,PS51857,111,178,0,68
O75534,PS51857,185,247,0,63
O75534,PS00352,197,216,,20
O75534,PS51857,282,336,0,55
O75534,PS51857,348,412,0,65
O75534,PS00352,360,379,,20
O75534,PS51857,442,509,0,68
O75534,PS51857,518,581,0,64
O75534,PS00352,530,549,,20
O75534,PS51857,614,672,0,59
O75534,PS51857,673,737,0,65
O75534,PS51938,748,789,0,42
O75554,PS50171,11,42,0,32
O75554,PS50020,122,155,0,34
O75554,PS01159,128,153,,26
O75554,PS50020,163,196,0,34
O75554,PS01159,169,194,,26
O75592,PS50012,601,656,0,56
O75592,PS00626,945,955,,11
O75592,PS50012,959,1009,0,51
O75592,PS00626,996,1006,,11
O75592,PS50012,1010,1067,0,58
O75592,PS50194,2341,2434,0,94
O75592,PS51284,3718,3896,0,179
O75592,PS50089,4428,4479,0,52
O75600,PS00599,262,271,,10
O75626,PS50280,84,201,0,118
O75626,PS00178,512,522,,11
O75626,PS50157,575,602,0,28
O75626,PS00028,577,597,,21
O75626,PS50157,603,630,0,28
O75626,PS00028,605,625,,21
O75626,PS50157,631,658,0,28
O75626,PS00028,633,653,,21
O75626,PS50157,659,686,0,28
O75626,PS00028,661,681,,21
O75695,PS51329,24,179,0,156
O75695,PS51374,234,348,0,115
O75791,PS50002,1,56,0,56
O75791,PS50001,58,149,0,92
O75791,PS50002,271,330,0,60
O75792,PS51975,28,250,0,223
O75821,PS50102,239,317,0,79
O75832,PS50088,39,71,0,33
O75832,PS50297,39,212,0,174
O75832,PS50088,72,104,0,33
O75832,PS50088,105,137,0,33
O75832,PS50088,138,170,0,33
O75832,PS50088,171,203,0,33
O75879,PS01234,210,224,,15
O75937,PS50076,57,124,0,68
O75940,PS50304,72,132,0,61
O76039,PS50011,13,297,0,285
O76039,PS00107,19,43,,25
O76039,PS00108,131,143,,13
O76062,PS01017,167,182,,16
O76062,PS01018,382,405,,24
O76064,PS50006,38,92,1,55
O76064,PS50089,403,441,0,39
O76064,PS00518,418,427,,10
O76071,PS51257,1,34,0,34
O76071,PS50082,22,43,0,22
O76071,PS50294,22,339,0,318
O76071,PS50082,57,89,0,33
O76071,PS50082,101,142,0,42
O76071,PS00678,120,134,,15
O76071,PS50082,146,177,0,32
O76071,PS50082,190,221,0,32
O76071,PS50082,299,339,0,41
O76083,PS51845,236,557,0,322
O76083,PS00126,352,363,,12
O76094,PS50005,11,44,0,34
O76094,PS50293,11,78,0,68
O76094,PS50005,109,142,0,34
O76094,PS50005,226,259,0,34
O76094,PS50293,226,259,0,34
O76094,PS50005,406,439,0,34
O76094,PS50293,406,480,0,75
O76094,PS50005,447,480,0,34
O94761,PS51192,489,662,0,174
O94761,PS51194,683,850,0,168
O94762,PS51192,39,213,0,175
O94762,PS00690,152,161,,10
O94762,PS51194,241,403,0,163
O94782,PS50235,81,785,0,705
O94782,PS00972,82,97,,16
O94782,PS00973,576,594,,19
O94804,PS50011,36,294,0,259
O94804,PS00107,42,65,,24
O94804,PS00108,153,165,,13
O94822,PS50089,1715,1762,0,48
O94826,PS50005,114,147,0,34
O94826,PS50293,114,578,0,465
O94826,PS50005,153,186,0,34
O94826,PS50005,329,362,0,34
O94826,PS50005,367,400,0,34
O94826,PS50005,401,434,0,34
O94826,PS50005,476,509,0,34
O94826,PS50005,545,578,0,34
O94868,PS51741,8,282,0,275
O94868,PS50002,469,530,0,62
O94868,PS50002,567,629,0,63
O94880,PS50016,319,380,0,62
O94880,PS01359,322,377,,56
O94880,PS51805,382,499,0,118
O94880,PS50016,725,779,0,55
O94880,PS01359,728,776,,49
O94880,PS50016,868,921,0,54
O94880,PS01359,871,918,,48
O94885,PS50002,554,615,0,62
O94885,PS50105,633,697,0,65
O94885,PS50105,1177,1241,0,65
O94888,PS50033,408,485,0,78
O94901,PS51469,622,784,0,163
O94906,PS50293,540,675,0,136
O94906,PS50293,675,810,0,136
O94916,PS50254,264,443,0,180
O94925,PS50297,552,651,0,100
O94925,PS50088,585,607,0,23
O94941,PS51698,258,338,0,81
O94941,PS50089,483,528,0,46
O94941,PS00518,504,513,,10
O94993,PS50118,337,405,0,69
O95049,PS50106,11,93,0,83
O95049,PS50106,195,272,0,78
O95049,PS50106,380,446,0,67
O95049,PS50002,475,549,0,75
O95049,PS50052,661,761,0,101
O95071,PS51157,1177,1245,0,69
O95071,PS51309,2377,2454,0,78
O95071,PS50237,2504,2799,0,296
O95104,PS51391,1,139,0,139
O95104,PS50102,508,582,0,75
O95149,PS51214,11,73,0,63
O95197,PS50845,844,1032,0,189
O95202,PS51758,252,537,0,286
O95202,PS50222,663,698,0,36
O95202,PS00018,676,688,,13
O95210,PS51166,258,357,0,100
O95218,PS50199,9,40,0,32
O95218,PS01358,13,34,,22
O95218,PS50199,65,94,0,30
O95218,PS01358,69,88,,20
O95219,PS50195,61,187,0,127
O95235,PS50067,64,507,0,444
O95235,PS00411,402,413,,12
O95239,PS50067,9,336,0,328
O95239,PS00411,234,245,,12
O95251,PS51802,176,219,0,44
O95251,PS51726,332,607,0,276
O95278,PS51166,1,124,0,124
O95278,PS50054,156,323,0,168
O95278,PS50056,243,311,0,69
O95278,PS00383,264,274,,11
O95347,PS00211,1085,1099,,15
O95376,PS51873,135,344,0,210
O95376,PS50089,139,190,0,52
O95376,PS50089,300,340,0,41
O95376,PS00518,318,327,,10
O95400,PS50829,280,338,0,59
O95425,PS51089,2151,2214,0,64
O95429,PS51035,379,456,0,78
O95487,PS00221,286,294,,9
O95503,PS50013,11,69,0,59
O95503,PS00598,28,48,,21
O95528,PS50850,11,501,0,491
O95528,PS00216,65,81,,17
O95528,PS00216,287,303,,17
O95619,PS51037,15,158,0,144
O95625,PS50097,214,282,0,69
O95625,PS50157,569,596,0,28
O95625,PS00028,571,591,,21
O95625,PS50157,597,624,0,28
O95625,PS00028,599,619,,21
O95625,PS50157,651,678,0,28
O95625,PS00028,653,673,,21
O95625,PS50157,679,706,0,28
O95625,PS00028,681,701,,21
O95625,PS50157,707,734,0,28
O95625,PS00028,709,729,,21
O95625,PS50157,735,762,0,28
O95625,PS00028,737,757,,21
O95625,PS50157,766,793,0,28
O95625,PS00028,768,788,,21
O95625,PS50157,794,821,0,28
O95625,PS00028,796,816,,21
O95625,PS50157,822,851,0,30
O95625,PS00028,824,846,,23
O95625,PS50157,858,885,0,28
O95625,PS00028,860,880,,21
O95625,PS50157,886,913,0,28
O95625,PS00028,888,908,,21
O95625,PS50157,914,942,0,29
O95625,PS00028,916,937,,22
O95631,PS51117,47,284,0,238
O95631,PS50027,285,340,0,56
O95631,PS00022,304,315,,12
O95631,PS01248,304,338,,35
O95631,PS50027,341,403,0,63
O95631,PS01248,368,404,,37
O95631,PS50027,404,453,0,50
O95631,PS00022,423,434,,12
O95631,PS01248,423,451,,29
O95631,PS50189,472,601,0,130
O95674,PS01315,358,384,,27
O95704,PS50020,29,61,0,33
O95704,PS01159,35,59,,25
O95704,PS01179,119,256,0,138
O95704,PS01179,290,415,0,126
O95721,PS50192,196,258,0,63
O95749,PS00723,61,75,,15
O95749,PS00444,180,192,,13
O95772,PS51439,48,218,0,171
O95777,PS52002,1,76,0,76
O95793,PS50137,72,162,0,91
O95793,PS50137,184,251,0,68
O95793,PS50137,286,354,0,69
O95801,PS50293,79,184,0,106
O95817,PS50020,20,54,0,35
O95817,PS01159,26,52,,27
O95817,PS51035,421,498,0,78
O95847,PS50920,21,115,0,95
O95847,PS50920,125,217,0,93
O95847,PS50920,226,317,0,92
O95861,PS00629,114,126,,13
O95861,PS00630,246,260,,15
O95931,PS50013,11,69,0,59
O95931,PS00598,28,48,,21
O95980,PS51465,627,673,0,47
O95980,PS00282,635,658,,24
O95980,PS51465,698,752,0,55
O95980,PS51465,755,789,0,35
O95983,PS50982,1,69,0,69
O95996,PS00546,957,964,,8
O95999,PS50209,13,87,0,75
O96006,PS50808,20,78,0,59
O96017,PS50006,113,175,1,63
O96017,PS50011,220,486,0,267
O96017,PS00108,343,355,,13
P00441,PS00087,45,55,,11
P00441,PS00332,139,150,,12
P00480,PS00097,86,93,,8
P00491,PS01240,79,120,,42
P00558,PS00111,18,28,,11
P00813,PS00485,291,297,,7
P00966,PS00564,10,18,,9
P00966,PS00565,117,128,,12
P00973,PS50152,17,105,0,89
P00973,PS00832,62,81,,20
P00973,PS00833,295,305,,11
P01106,PS50888,369,421,0,53
P01130,PS50068,26,64,0,39
P01130,PS01209,39,63,,25
P01130,PS50068,67,105,0,39
P01130,PS01209,82,104,,23
P01130,PS50068,108,144,0,37
P01130,PS01209,121,143,,23
P01130,PS50068,147,185,0,39
P01130,PS01209,160,184,,25
P01130,PS50068,196,232,0,37
P01130,PS01209,209,231,,23
P01130,PS50068,235,271,0,37
P01130,PS01209,248,270,,23
P01130,PS50068,275,314,0,40
P01130,PS01209,289,313,,25
P01130,PS50026,314,353,0,40
P01130,PS00010,329,340,,12
P01130,PS01186,338,352,,15
P01130,PS01187,354,377,,24
P01130,PS50026,354,393,0,40
P01130,PS00010,368,379,,12
P01130,PS01186,377,392,,16
P01130,PS51120,439,485,0,47
P01130,PS51120,486,528,0,43
P01130,PS51120,529,572,0,44
P01130,PS51120,573,617,0,45
P01130,PS51120,618,658,0,41
P01583,PS00430,1,76,,76
P01583,PS00253,234,254,,21
P01730,PS50835,20,119,0,100
P01732,PS50835,21,117,0,97
P02649,PS51257,1,16,0,16
P02724,PS00312,95,104,,10
P02760,PS00213,34,47,,14
P02760,PS50279,231,281,0,51
P02760,PS00280,259,277,,19
P02760,PS50279,287,337,0,51
P02760,PS00280,315,333,,19
P02794,PS50905,11,160,0,150
P02794,PS00540,62,80,,19
P02794,PS00204,127,147,,21
P03372,PS51030,182,257,0,76
P03372,PS00031,185,211,,27
P03372,PS51843,311,547,0,237
P03950,PS00127,63,69,,7
P04066,PS00385,285,296,,12
P04114,PS51211,46,672,0,627
P04150,PS51030,418,493,0,76
P04150,PS00031,421,447,,27
P04150,PS51843,524,758,0,235
P04181,PS00600,260,297,,38
P04637,PS00348,237,249,,13
P04920,PS00219,682,693,,12
P04920,PS00220,829,843,,15
P05455,PS50961,7,99,0,93
P05455,PS50102,111,187,0,77
P05455,PS51939,227,348,0,122
P06576,PS00152,396,405,,10
P06702,PS50222,54,89,0,36
P06702,PS00303,62,83,,22
P06702,PS00018,67,79,,13
P06730,PS00813,90,113,,24
P06731,PS50835,145,232,0,88
P06731,PS50835,240,315,0,76
P06731,PS50835,323,410,0,88
P06731,PS50835,418,495,0,78
P06731,PS50835,501,588,0,88
P06731,PS50835,593,675,0,83
P06744,PS51463,7,553,0,547
P06744,PS00765,268,281,,14
P06744,PS00174,502,519,,18
P07199,PS50960,1,52,0,52
P07199,PS51253,65,136,0,72
P07237,PS51352,8,134,0,127
P07237,PS00194,45,63,,19
P07237,PS51352,349,475,0,127
P07237,PS00194,389,407,,19
P07237,PS00014,505,508,,4
P07550,PS50262,50,326,0,277
P07550,PS00237,119,135,,17
P07602,PS51110,18,58,0,41
P07602,PS50015,59,142,0,84
P07602,PS50015,194,275,0,82
P07602,PS50015,311,392,0,82
P07602,PS50015,405,486,0,82
P07602,PS51110,488,524,0,37
P07737,PS00414,1,9,,9
P07766,PS51055,178,205,0,28
P07814,PS00178,204,215,,12
P07814,PS51185,749,805,0,57
P07814,PS00762,760,788,,29
P07814,PS51185,822,878,0,57
P07814,PS00762,833,861,,29
P07814,PS51185,900,956,0,57
P07814,PS00762,911,939,,29
P07814,PS50862,1056,1296,0,241
P07858,PS00139,102,113,,12
P07858,PS00639,276,286,,11
P07858,PS00640,293,312,,20
P07910,PS50102,16,87,0,72
P07949,PS50268,168,272,0,105
P07949,PS50011,724,1016,0,293
P07949,PS00107,730,758,,29
P07949,PS00109,870,882,,13
P07954,PS00163,364,373,,10
P08138,PS00120,18,27,,10
P08138,PS50050,31,64,0,34
P08138,PS50050,66,107,0,42
P08138,PS00652,67,107,,41
P08138,PS01186,107,122,,16
P08138,PS00652,107,146,,40
P08138,PS50050,108,146,0,39
P08138,PS50050,148,188,0,41
P08138,PS00652,149,188,,40
P08138,PS50017,344,421,0,78
P08151,PS50157,235,267,0,33
P08151,PS00028,237,260,,24
P08151,PS50157,268,300,0,33
P08151,PS50157,301,330,0,30
P08151,PS00028,303,325,,23
P08151,PS50157,331,361,0,31
P08151,PS00028,333,356,,24
P08151,PS50157,362,392,0,31
P08151,PS00028,364,387,,24
P08240,PS00300,610,623,,14
P08473,PS51885,56,750,0,695
P08473,PS00142,581,590,,10
P08579,PS50102,7,86,0,80
P08579,PS50102,151,225,0,75
P08621,PS50102,103,181,0,79
P08631,PS50002,78,138,0,61
P08631,PS50001,144,241,0,98
P08631,PS50011,262,515,0,254
P08631,PS00107,268,290,,23
P08631,PS00109,377,389,,13
P08962,PS00421,61,83,,23
P09012,PS50102,10,89,0,80
P09012,PS50102,208,282,0,75
P09038,PS00247,222,245,,24
P09172,PS50836,57,173,0,117
P09172,PS00084,262,269,,8
P09172,PS00085,405,417,,13
P09211,PS50404,2,81,0,80
P09211,PS50405,83,204,0,122
P09234,PS50171,4,36,0,33
P09326,PS50835,132,212,0,81
P09622,PS00076,77,87,,11
P09661,PS51450,20,41,0,22
P09661,PS51450,43,64,0,22
P09661,PS51450,65,86,0,22
P09661,PS51450,89,110,0,22
P09693,PS51055,149,177,0,29
P09874,PS50064,9,93,0,85
P09874,PS00347,21,56,,36
P09874,PS50064,113,203,0,91
P09874,PS00347,125,162,,38
P09874,PS52007,225,359,0,135
P09874,PS50172,385,461,0,77
P09874,PS51977,542,638,0,97
P09874,PS51060,662,779,0,118
P09874,PS51059,788,1014,0,227
P09958,PS51892,121,435,0,315
P09958,PS00136,149,160,,12
P09958,PS00137,194,204,,11
P09958,PS00138,366,376,,11
P09958,PS51829,444,576,0,133
P09960,PS00142,293,302,,10
P0C1S8,PS50011,212,486,0,275
P0C1S8,PS00107,218,241,,24
P0C1S8,PS00108,335,347,,13
P0C2W1,PS50181,33,82,0,50
P0C2W1,PS50188,92,284,0,193
P0C2W1,PS00678,186,200,,15
P0C7T5,PS51148,457,588,0,132
P0CG47,PS50053,1,76,0,76
P0CG47,PS00299,27,52,,26
P0CG47,PS50053,77,152,0,76
P0CG47,PS00299,103,128,,26
P0CG47,PS50053,153,228,0,76
P0CG47,PS00299,179,204,,26
P0CG48,PS50053,1,76,0,76
P0CG48,PS00299,27,52,,26
P0CG48,PS50053,77,152,0,76
P0CG48,PS00299,103,128,,26
P0CG48,PS50053,153,228,0,76
P0CG48,PS00299,179,204,,26
P0CG48,PS50053,229,304,0,76
P0CG48,PS00299,255,280,,26
P0CG48,PS50053,305,380,0,76
P0CG48,PS00299,331,356,,26
P0CG48,PS50053,381,456,0,76
P0CG48,PS00299,407,432,,26
P0CG48,PS50053,457,532,0,76
P0CG48,PS00299,483,508,,26
P0CG48,PS50053,533,608,0,76
P0CG48,PS00299,559,584,,26
P0CG48,PS50053,609,684,0,76
P0CG48,PS00299,635,660,,26
P0DPB6,PS01154,44,75,,32
P10074,PS50097,26,89,0,64
P10074,PS50157,291,318,0,28
P10074,PS00028,293,313,,21
P10074,PS50157,319,346,0,28
P10074,PS50157,350,377,0,28
P10074,PS00028,352,372,,21
P10074,PS50157,378,406,0,29
P10074,PS00028,380,401,,22
P10074,PS50157,407,435,0,29
P10074,PS00028,409,430,,22
P10074,PS50157,436,464,0,29
P10074,PS50157,465,492,0,28
P10074,PS00028,467,487,,21
P10074,PS50157,493,520,0,28
P10074,PS00028,495,515,,21
P10074,PS50157,521,549,0,29
P10074,PS00028,523,544,,22
P10074,PS50157,550,577,0,28
P10074,PS00028,552,572,,21
P10074,PS50157,578,605,0,28
P10074,PS00028,580,600,,21
P10109,PS51085,67,171,0,105
P10109,PS00814,106,116,,11
P10155,PS50988,16,369,0,354
P10242,PS51294,35,86,0,52
P10242,PS51294,87,142,0,56
P10242,PS51294,143,193,0,51
P10253,PS51448,80,131,0,52
P10253,PS00025,89,110,,22
P10253,PS00129,514,521,,8
P10253,PS00707,643,673,,31
P10275,PS51030,557,632,0,76
P10275,PS00031,560,586,,27
P10275,PS51843,669,900,0,232
P10599,PS51352,1,105,0,105
P10599,PS00194,24,42,,19
P10606,PS51359,32,129,0,98
P10606,PS00848,100,122,,23
P10909,PS00492,113,121,,9
P10909,PS00493,295,305,,11
P10911,PS50191,13,88,0,76
P10911,PS50010,495,675,0,181
P10911,PS00741,624,649,,26
P10911,PS50003,687,809,1,123
P10912,PS50853,151,254,0,104
P10912,PS01352,171,249,,79
P10914,PS51507,5,113,0,109
P10914,PS00601,26,59,,34
P10966,PS50835,3,118,0,116
P11049,PS00421,65,87,,23
P11279,PS51407,31,417,0,387
P11279,PS00310,40,54,,15
P11279,PS00310,230,244,,15
P11279,PS00311,375,415,,41
P11310,PS00072,159,171,,13
P11310,PS00073,374,393,,20
P11387,PS52038,432,765,0,334
P11387,PS00176,710,728,,19
P11413,PS00069,200,206,,7
P11441,PS50053,1,72,0,72
P11441,PS00299,27,52,,26
P11498,PS50979,36,486,0,451
P11498,PS50975,156,353,0,198
P11498,PS50991,563,832,0,270
P11498,PS50968,1109,1178,0,70
P11498,PS00188,1134,1151,,18
P11717,PS51914,47,163,0,117
P11717,PS51914,172,320,0,149
P11717,PS51914,326,468,0,143
P11717,PS51914,473,619,0,147
P11717,PS51914,625,762,0,138
P11717,PS51914,765,924,0,160
P11717,PS51914,932,1079,0,148
P11717,PS51914,1082,1219,0,138
P11717,PS51914,1225,1363,0,139
P11717,PS51914,1367,1508,0,142
P11717,PS51914,1514,1648,0,135
P11717,PS51914,1650,1797,0,148
P11717,PS51914,1802,1989,0,188
P11717,PS51092,1898,1944,0,47
P11717,PS00023,1903,1942,,40
P11717,PS51914,1992,2127,0,136
P11717,PS51914,2135,2280,0,146
P11831,PS50066,141,201,0,61
P11831,PS00350,143,197,,55
P12004,PS01251,34,57,,24
P12004,PS00293,61,79,,19
P12036,PS51842,97,413,0,317
P12036,PS00226,399,407,,9
P12268,PS51371,114,173,0,60
P12268,PS51371,179,237,0,59
P12268,PS00487,321,333,,13
P12277,PS51509,11,98,0,88
P12277,PS51510,125,367,0,243
P12277,PS00112,283,289,,7
P12524,PS50888,281,333,0,53
P12814,PS50021,31,135,0,105
P12814,PS00019,33,42,,10
P12814,PS00020,107,131,,25
P12814,PS50021,144,250,0,107
P12814,PS50222,746,781,0,36
P12814,PS00018,759,771,,13
P12814,PS50222,787,822,0,36
P12956,PS50800,573,607,0,35
P13473,PS51407,31,410,0,380
P13473,PS00310,40,54,,15
P13473,PS00311,368,408,,41
P13639,PS51722,17,362,0,346
P13639,PS00301,58,73,,16
P13667,PS51352,20,156,0,137
P13667,PS00194,83,101,,19
P13667,PS51352,158,301,0,144
P13667,PS00194,198,216,,19
P13667,PS51352,505,636,0,132
P13667,PS00194,547,565,,19
P13667,PS00014,642,645,,4
P13693,PS51797,1,172,0,172
P13693,PS01002,48,58,,11
P13693,PS01003,129,151,,23
P13798,PS00708,562,592,,31
P14174,PS01158,55,69,,15
P14317,PS51090,79,115,0,37
P14317,PS51090,116,152,0,37
P14317,PS51090,153,189,0,37
P14317,PS51090,190,212,0,23
P14317,PS50002,428,486,0,59
P14324,PS00723,166,180,,15
P14324,PS00444,301,313,,13
P14635,PS00292,202,233,,32
P14678,PS52002,4,86,0,83
P14778,PS50835,44,110,0,67
P14778,PS50835,118,210,0,93
P14778,PS50835,226,328,0,103
P14778,PS50104,383,538,0,156
P14868,PS50862,196,501,0,306
P15056,PS50898,155,227,0,73
P15056,PS50081,234,280,1,47
P15056,PS00479,235,280,,46
P15056,PS50011,457,717,0,261
P15056,PS00107,463,483,,21
P15056,PS00108,572,584,,13
P15104,PS51986,24,106,0,83
P15104,PS00180,62,79,,18
P15104,PS51987,113,373,0,261
P15104,PS00181,241,257,,17
P15144,PS00142,385,394,,10
P15170,PS51722,72,298,0,227
P15170,PS00301,128,143,,16
P15735,PS50011,24,291,0,268
P15735,PS00107,30,53,,24
P15735,PS00108,149,161,,13
P15822,PS50157,406,433,0,28
P15822,PS00028,408,428,,21
P15822,PS50157,434,457,0,24
P15822,PS00028,436,458,,23
P15822,PS51811,956,986,0,31
P15822,PS50157,2088,2115,0,28
P15822,PS00028,2090,2110,,21
P15822,PS50157,2116,2141,0,26
P15822,PS00028,2118,2140,,23
P15880,PS50881,102,165,0,64
P15880,PS00585,119,151,,33
P15924,PS50002,458,515,0,58
P15976,PS50114,198,253,0,56
P15976,PS00344,204,228,,25
P15976,PS50114,252,305,0,54
P15976,PS00344,258,282,,25
P16070,PS50963,32,120,0,89
P16070,PS01241,53,97,,45
P16278,PS01182,177,189,,13
P16284,PS50835,35,121,0,87
P16284,PS50835,236,315,0,80
P16284,PS50835,328,401,0,74
P16284,PS50835,499,591,0,93
P16333,PS50002,2,61,0,60
P16333,PS50002,106,165,0,60
P16333,PS50002,190,252,0,63
P16333,PS50001,282,376,0,95
P16444,PS51365,17,385,0,369
P16444,PS00869,140,162,,23
P17096,PS00354,21,31,,11
P17096,PS00354,53,63,,11
P17096,PS00354,78,89,,12
P17302,PS00407,54,67,,14
P17302,PS00408,187,203,,17
P17480,PS50118,112,180,0,69
P17480,PS50118,196,264,0,69
P17480,PS50118,298,362,0,65
P17480,PS50118,407,475,0,69
P17480,PS50118,482,549,0,68
P17480,PS50118,568,634,0,67
P17676,PS50217,271,334,0,64
P17677,PS00412,1,7,,7
P17677,PS50096,31,60,0,30
P17677,PS00413,41,51,,11
P17813,PS51257,1,17,0,17
P17931,PS51304,118,248,0,131
P17947,PS50061,170,253,0,84
P17947,PS00345,172,180,,9
P17947,PS00346,220,235,,16
P18074,PS51193,7,283,0,277
P18074,PS00690,229,238,,10
P18146,PS50157,338,367,0,30
P18146,PS00028,340,362,,23
P18146,PS50157,368,395,0,28
P18146,PS00028,370,390,,21
P18146,PS50157,396,423,0,28
P18146,PS00028,398,418,,21
P18206,PS00663,162,182,,21
P18206,PS00664,277,287,,11
P18206,PS00664,388,398,,11
P18206,PS00664,497,507,,11
P18583,PS50174,2305,2351,0,47
P18583,PS50137,2371,2408,0,38
P18615,PS50102,262,332,0,71
P18754,PS50012,35,85,0,51
P18754,PS50012,86,137,0,52
P18754,PS00625,92,103,,12
P18754,PS00626,124,134,,11
P18754,PS50012,138,190,0,53
P18754,PS00626,177,187,,11
P18754,PS50012,191,258,0,68
P18754,PS50012,259,312,0,54
P18754,PS00626,299,309,,11
P18754,PS50012,313,363,0,51
P18754,PS50012,364,417,0,54
P18754,PS00626,404,414,,11
P18846,PS50953,31,90,0,60
P18846,PS50217,213,264,0,52
P18846,PS00036,219,233,,15
P18848,PS50217,278,341,0,64
P18848,PS00036,283,298,,16
P18858,PS00697,566,574,,9
P18858,PS50160,648,784,0,137
P18858,PS00333,720,746,,27
P18887,PS50172,315,403,0,89
P18887,PS50172,538,629,0,92
P19105,PS50222,28,63,0,36
P19105,PS00018,41,53,,13
P19105,PS50222,97,132,0,36
P19105,PS50222,133,168,0,36
P19338,PS50102,307,383,0,77
P19338,PS50102,393,466,0,74
P19338,PS50102,486,560,0,75
P19338,PS50102,572,647,0,76
P19387,PS00446,32,72,,41
P19387,PS00018,136,148,,13
P19388,PS01110,142,155,,14
P19525,PS50137,9,77,0,69
P19525,PS50137,100,167,0,68
P19525,PS50011,267,538,0,272
P19525,PS00107,273,296,,24
P19525,PS00108,410,422,,13
P19544,PS51257,1,24,0,24
P19544,PS50157,323,352,0,30
P19544,PS00028,325,347,,23
P19544,PS50157,353,382,0,30
P19544,PS00028,355,377,,23
P19544,PS50157,383,410,0,28
P19544,PS00028,385,405,,21
P19544,PS50157,414,443,0,30
P19544,PS00028,416,438,,23
P19784,PS50011,40,325,0,286
P19784,PS00107,46,69,,24
P19784,PS00108,153,165,,13
P20226,PS00351,192,241,,50
P20226,PS00351,283,332,,50
P20248,PS00292,211,242,,32
P20290,PS51151,82,147,0,66
P20309,PS50262,85,544,0,460
P20309,PS00237,154,170,,17
P20618,PS51476,37,226,0,190
P20618,PS00854,41,88,,48
P21127,PS50011,438,723,0,286
P21127,PS00108,558,570,,13
P21359,PS50018,1251,1482,0,232
P21359,PS00509,1407,1421,,15
P21359,PS50191,1580,1738,0,159
P21554,PS50262,133,397,0,265
P21554,PS00237,202,218,,17
P21589,PS00785,29,41,,13
P21589,PS00786,110,121,,12
P21675,PS50014,1397,1505,0,109
P21675,PS00633,1423,1480,,58
P21675,PS50014,1519,1628,0,110
P21675,PS00633,1546,1603,,58
P21730,PS50262,54,300,0,247
P21730,PS00237,122,138,,17
P21860,PS50011,709,966,0,258
P21912,PS51085,40,133,0,94
P21912,PS00197,93,101,,9
P21912,PS51379,176,206,0,31
P21912,PS00198,186,197,,12
P21980,PS00547,275,292,,18
P22033,PS00544,403,428,,26
P22033,PS51332,614,746,0,133
P22059,PS50003,88,181,1,94
P22059,PS01013,518,528,,11
P22061,PS01279,141,156,,16
P22087,PS00566,185,199,,15
P22735,PS00547,375,392,,18
P22888,PS50262,376,623,0,248
P22888,PS00237,452,468,,17
P23025,PS00752,105,129,,25
P23025,PS00753,138,154,,17
P23246,PS50102,297,369,0,73
P23246,PS50102,371,452,0,82
P23258,PS00227,142,148,,7
P23284,PS50072,47,204,0,158
P23284,PS00170,88,105,,18
P23368,PS00331,276,292,,17
P23378,PS00584,37,50,,14
P23396,PS50823,21,92,0,72
P23396,PS00548,147,183,,37
P23497,PS51414,33,149,0,117
P23497,PS50864,595,676,0,82
P23497,PS50118,676,753,0,78
P23497,PS50118,769,837,0,69
P23760,PS51057,34,161,0,128
P23760,PS00034,68,84,,17
P23760,PS50071,217,277,0,61
P23760,PS00027,252,275,,24
P24530,PS50262,118,386,0,269
P24530,PS00237,187,203,,17
P24557,PS00086,472,481,,10
P24864,PS00292,145,176,,32
P25054,PS50176,660,702,0,43
P25105,PS50262,32,293,0,262
P25105,PS00237,103,119,,17
P25106,PS50262,61,315,0,255
P25106,PS00237,130,146,,17
P25398,PS01189,17,35,,19
P25445,PS50050,84,127,0,44
P25445,PS00652,85,129,,45
P25445,PS00652,127,165,,39
P25445,PS50050,128,165,0,38
P25445,PS50017,230,314,0,85
P25686,PS50076,3,69,0,67
P25686,PS00636,46,65,,20
P25686,PS50330,250,269,0,20
P25705,PS00152,406,415,,10
P25774,PS00139,133,144,,12
P25774,PS00639,276,286,,11
P25774,PS00640,293,312,,20
P25786,PS00388,6,28,,23
P25786,PS51475,21,233,0,213
P25787,PS00388,6,28,,23
P25787,PS51475,21,230,0,210
P25788,PS00388,8,30,,23
P25788,PS51475,23,237,0,215
P25789,PS00388,5,27,,23
P25789,PS51475,20,237,0,218
P25789,PS00854,35,82,,48
P25963,PS50297,73,256,0,184
P25963,PS50088,110,142,0,33
P25963,PS50088,182,214,0,33
P25963,PS50088,216,248,0,33
P26006,PS51257,1,28,0,28
P26006,PS51470,38,103,0,66
P26006,PS51470,110,171,0,62
P26006,PS51470,185,235,0,51
P26006,PS51470,236,292,0,57
P26006,PS51470,293,354,0,62
P26006,PS51470,356,411,0,56
P26006,PS51470,415,477,0,63
P26006,PS00242,1014,1021,,8
P26196,PS51195,96,124,0,29
P26196,PS51192,127,298,0,172
P26196,PS00039,244,252,,9
P26196,PS51194,308,468,0,161
P26358,PS51912,16,109,0,94
P26358,PS51058,646,692,0,47
P26358,PS51038,755,880,0,126
P26358,PS51038,972,1100,0,129
P26358,PS51679,1139,1599,0,461
P26358,PS00094,1218,1230,,13
P26358,PS00095,1574,1592,,19
P26368,PS50102,149,231,0,83
P26368,PS50102,259,337,0,79
P26368,PS50102,385,466,0,82
P26373,PS01104,71,85,,15
P26641,PS50404,2,87,0,86
P26641,PS50405,88,216,0,129
P26641,PS50040,276,437,0,162
P26718,PS50041,106,212,0,107
P27544,PS50922,97,311,0,215
P27708,PS51273,177,363,0,187
P27708,PS50975,519,711,0,193
P27708,PS00866,550,564,,15
P27708,PS00867,680,687,,8
P27708,PS50975,1052,1243,0,192
P27708,PS00866,1083,1097,,15
P27708,PS00867,1212,1219,,8
P27708,PS51855,1308,1462,0,155
P27708,PS00482,1469,1477,,9
P27708,PS00483,1684,1695,,12
P27708,PS00097,1969,1976,,8
P27797,PS00803,98,113,,16
P27797,PS00804,130,138,,9
P27797,PS00805,208,220,,13
P27797,PS00805,225,237,,13
P27797,PS00805,242,254,,13
P27797,PS00014,414,417,,4
P28039,PS50015,37,118,0,82
P28066,PS00388,8,30,,23
P28066,PS51475,23,238,0,216
P28068,PS50835,114,196,0,83
P28068,PS00290,190,196,,7
P28069,PS51179,124,198,0,75
P28069,PS00035,142,154,,13
P28069,PS00465,166,179,,14
P28069,PS50071,212,272,0,61
P28069,PS00027,247,270,,24
P28070,PS51476,53,237,0,185
P28070,PS00854,57,104,,48
P28074,PS51476,59,238,0,180
P28074,PS00854,63,110,,48
P28288,PS50929,107,321,0,215
P28288,PS50893,440,659,0,220
P28288,PS00211,571,585,,15
P28340,PS00116,753,761,,9
P28702,PS51030,202,277,0,76
P28702,PS00031,205,231,,27
P28702,PS51843,296,529,0,234
P28799,PS00799,92,105,,14
P28799,PS00799,158,171,,14
P28799,PS00799,240,253,,14
P28799,PS00118,314,321,,8
P28799,PS00799,315,328,,14
P28799,PS00118,396,403,,8
P28799,PS00799,397,410,,14
P28799,PS00799,475,488,,14
P28799,PS00799,552,565,,14
P28908,PS50050,68,106,0,39
P28908,PS00652,69,106,,38
P28908,PS50050,107,149,0,43
P28908,PS00652,244,281,,38
P29016,PS50835,185,285,0,101
P29017,PS50835,206,286,0,81
P29074,PS50057,29,312,0,284
P29074,PS00660,84,113,,30
P29074,PS00661,192,221,,30
P29074,PS50106,517,589,0,73
P29074,PS50055,655,911,0,257
P29074,PS50056,828,902,0,75
P29074,PS00383,850,860,,11
P29083,PS51344,14,104,0,91
P29084,PS51351,66,146,0,81
P29536,PS51082,574,593,0,20
P29590,PS50089,57,92,0,36
P29590,PS00518,72,81,,10
P29590,PS50119,124,166,0,43
P29590,PS50119,184,222,0,39
P29692,PS00824,153,161,,9
P29692,PS00825,270,281,,12
P29965,PS50049,122,261,0,140
P29965,PS00251,161,177,,17
P29966,PS00826,33,40,,8
P29966,PS00827,149,177,,29
P30041,PS51352,5,169,0,165
P30044,PS51352,56,214,0,159
P30048,PS51352,63,221,0,159
P30101,PS51352,19,133,0,115
P30101,PS00194,49,67,,19
P30101,PS51352,343,485,0,143
P30101,PS00194,398,416,,19
P30260,PS50005,115,148,0,34
P30260,PS50293,115,148,0,34
P30260,PS50005,499,532,0,34
P30260,PS50293,499,770,0,272
P30260,PS50005,567,600,0,34
P30260,PS50005,601,634,0,34
P30260,PS50005,635,668,0,34
P30260,PS50005,669,702,0,34
P30260,PS50005,703,736,0,34
P30260,PS50005,737,770,0,34
P30307,PS50206,321,428,0,108
P30405,PS50072,49,205,0,157
P30405,PS00170,90,107,,18
P30414,PS50072,10,175,0,166
P30414,PS00170,59,76,,18
P30530,PS50835,27,128,0,102
P30530,PS50835,139,222,0,84
P30530,PS50853,227,331,0,105
P30530,PS50853,336,428,0,93
P30530,PS50011,536,807,0,272
P30530,PS00107,542,567,,26
P30530,PS00109,668,680,,13
P30533,PS00014,354,357,,4
P30542,PS50262,26,288,0,263
P30542,PS00237,93,109,,17
P30622,PS00845,78,109,,32
P30622,PS50245,78,120,0,43
P30622,PS00845,232,263,,32
P30622,PS50245,232,274,0,43
P30626,PS50222,45,64,0,20
P30626,PS50222,70,98,0,29
P30626,PS00018,83,95,,13
P30626,PS50222,100,135,0,36
P30626,PS00018,113,125,,13
P30626,PS50222,151,169,0,19
P30793,PS00859,128,144,,17
P30793,PS00860,176,186,,11
P30876,PS01166,932,944,,13
P30989,PS50262,80,364,0,285
P30989,PS00237,154,170,,17
P31040,PS00504,97,106,,10
P31323,PS50042,154,273,1,120
P31323,PS00888,181,197,,17
P31323,PS00889,221,238,,18
P31323,PS50042,276,402,1,127
P31323,PS00888,303,319,,17
P31323,PS00889,350,367,,18
P31327,PS51273,219,404,0,186
P31327,PS50975,551,743,0,193
P31327,PS00866,582,596,,15
P31327,PS00867,712,719,,8
P31327,PS50975,1093,1284,0,192
P31327,PS00866,1124,1138,,15
P31327,PS00867,1253,1260,,8
P31327,PS51855,1355,1500,0,146
P31785,PS50853,156,253,0,98
P31785,PS01355,213,246,,34
P31942,PS50102,16,93,0,78
P31942,PS50102,195,270,0,76
P31943,PS50102,11,90,0,80
P31943,PS50102,111,188,0,78
P31943,PS50102,289,364,0,76
P31944,PS50208,29,136,0,108
P31944,PS01122,123,134,,12
P31944,PS50207,155,242,0,88
P31948,PS50005,4,37,0,34
P31948,PS50293,4,105,0,102
P31948,PS50005,38,71,0,34
P31948,PS50005,72,105,0,34
P31948,PS50005,225,258,0,34
P31948,PS50293,225,461,0,237
P31948,PS50005,259,292,0,34
P31948,PS50005,300,333,0,34
P31948,PS50005,360,393,0,34
P31948,PS50005,394,427,0,34
P31948,PS50005,428,461,0,34
P32004,PS50835,35,125,0,91
P32004,PS50835,139,226,0,88
P32004,PS50835,240,328,0,89
P32004,PS50835,333,420,0,88
P32004,PS50835,425,507,0,83
P32004,PS50835,518,607,0,90
P32004,PS50853,615,712,0,98
P32004,PS50853,717,810,0,94
P32004,PS50853,814,916,0,103
P32004,PS50853,920,1015,0,96
P32004,PS50853,1016,1115,0,100
P32019,PS00307,97,103,,7
P32019,PS50238,821,993,0,173
P32249,PS50262,48,308,0,261
P32249,PS00237,117,133,,17
P32856,PS50192,191,253,0,63
P32856,PS00914,197,237,,41
P32969,PS00700,163,184,,22
P33981,PS50011,525,791,0,267
P33981,PS00107,531,553,,23
P33981,PS00108,643,655,,13
P34969,PS50262,98,384,0,287
P34969,PS00237,168,184,,17
P35221,PS00663,178,198,,21
P35227,PS50089,18,57,0,40
P35227,PS00518,34,43,,10
P35236,PS50055,97,350,0,254
P35236,PS50056,268,341,0,74
P35236,PS00383,289,299,,11
P35348,PS50262,43,326,0,284
P35348,PS00237,112,128,,17
P35367,PS50262,44,468,0,425
P35367,PS00237,113,129,,17
P35368,PS50262,62,348,0,287
P35368,PS00237,131,147,,17
P35557,PS51748,10,454,0,445
P35557,PS00378,146,171,,26
P35606,PS50082,11,52,0,42
P35606,PS50294,11,266,0,256
P35606,PS50082,95,127,0,33
P35606,PS50082,138,180,0,43
P35606,PS50082,181,224,0,44
P35606,PS50082,225,266,0,42
P35638,PS50217,99,162,0,64
P35659,PS51998,319,375,0,57
P35869,PS50888,27,80,0,54
P35869,PS50112,111,181,0,71
P36021,PS50850,320,539,0,220
P36578,PS00687,15,22,,8
P36578,PS00939,116,142,,27
P36639,PS51462,3,132,0,130
P36639,PS00893,37,58,,22
P36776,PS51787,124,370,0,247
P36776,PS51786,759,949,0,191
P36776,PS01046,852,860,,9
P36954,PS01030,16,42,,27
P36954,PS51133,82,124,0,43
P36954,PS00466,86,123,,38
P36954,PS00290,112,118,,7
P36957,PS50968,70,144,0,75
P36957,PS00189,94,123,,30
P37059,PS00197,40,48,,9
P37059,PS00061,219,247,,29
P37173,PS50011,244,544,0,301
P37173,PS00107,250,277,,28
P37173,PS00108,375,387,,13
P38159,PS50102,8,86,0,79
P38398,PS50089,24,65,0,42
P38398,PS00518,39,48,,10
P38398,PS50172,1642,1736,0,95
P38398,PS50172,1756,1855,0,100
P38484,PS50853,142,240,0,99
P38606,PS51257,1,32,0,32
P38606,PS00152,446,455,,10
P38935,PS51061,723,786,0,64
P38935,PS51039,891,940,0,50
P39019,PS00628,89,108,,20
P39880,PS51042,542,629,0,88
P39880,PS51042,934,1021,0,88
P39880,PS51042,1117,1204,0,88
P39880,PS50071,1242,1302,0,61
P39880,PS00027,1277,1300,,24
P40189,PS50853,224,324,0,101
P40189,PS50853,329,424,0,96
P40189,PS01353,404,457,,54
P40189,PS50853,426,517,0,92
P40189,PS50853,518,613,0,96
P40227,PS00750,35,47,,13
P40227,PS00751,56,72,,17
P40227,PS00995,84,92,,9
P40238,PS50853,172,281,0,110
P40238,PS50853,392,486,0,95
P40238,PS01352,406,483,,78
P40429,PS00783,84,107,,24
P40692,PS00058,98,104,,7
P40818,PS50206,195,313,0,119
P40818,PS50235,777,1109,0,333
P40818,PS00972,778,793,,16
P40818,PS00304,823,832,,10
P40818,PS00973,1051,1068,,18
P40925,PS00068,155,167,,13
P40939,PS00166,138,158,,21
P40939,PS00067,541,565,,25
P40967,PS50093,255,292,0,38
P41002,PS50181,29,76,0,48
P41002,PS00292,310,341,,32
P41091,PS51722,39,248,0,210
P41182,PS50097,32,99,0,68
P41182,PS50157,518,546,0,29
P41182,PS00028,520,541,,22
P41182,PS50157,546,573,0,28
P41182,PS00028,548,568,,21
P41182,PS50157,574,601,0,28
P41182,PS00028,576,596,,21
P41182,PS50157,602,629,0,28
P41182,PS00028,604,624,,21
P41182,PS50157,630,657,0,28
P41182,PS00028,632,652,,21
P41182,PS50157,658,681,0,24
P41182,PS00028,660,681,,22
P41214,PS50890,93,173,0,81
P41214,PS51925,383,467,0,85
P41214,PS50296,491,564,0,74
P41220,PS50132,83,199,0,117
P41223,PS00997,100,122,,23
P41223,PS00998,134,143,,10
P41250,PS51185,63,119,0,57
P41250,PS00762,74,102,,29
P41250,PS50862,262,608,0,347
P41252,PS00178,48,59,,12
P41279,PS50011,138,388,0,251
P41279,PS00108,249,261,,13
P42167,PS50955,5,48,0,44
P42167,PS50954,109,153,0,45
P42226,PS50001,517,632,0,116
P42285,PS51192,148,304,0,157
P42285,PS51194,405,577,0,173
P42345,PS51189,1382,1982,0,601
P42345,PS50290,2156,2469,0,314
P42345,PS00915,2186,2200,,15
P42345,PS00916,2323,2343,,21
P42345,PS51190,2517,2549,0,33
P42356,PS51257,1,19,0,19
P42356,PS00063,38,53,,16
P42356,PS51545,1530,1718,0,189
P42356,PS50290,1808,2086,0,279
P42356,PS00915,1849,1863,,15
P42356,PS00916,1942,1962,,21
P42575,PS50209,32,121,0,90
P42575,PS50208,198,324,0,127
P42575,PS01121,264,278,,15
P42575,PS01122,311,322,,12
P42575,PS50207,354,447,0,94
P42696,PS50102,185,280,0,96
P42696,PS50102,287,364,0,78
P42704,PS51375,161,195,0,35
P42704,PS51375,196,230,0,35
P42704,PS51375,231,265,0,35
P42704,PS51375,266,300,0,35
P42704,PS51375,438,472,0,35
P42704,PS51375,710,744,0,35
P42704,PS51375,747,781,0,35
P42704,PS51375,785,819,0,35
P42704,PS51375,954,988,0,35
P42704,PS51375,1066,1102,0,37
P42704,PS51375,1317,1351,0,35
P42766,PS00579,43,57,,15
P42771,PS50297,16,130,0,115
P43034,PS50896,7,39,0,33
P43034,PS50082,104,145,0,42
P43034,PS50294,104,410,0,307
P43034,PS50082,146,187,0,42
P43034,PS00678,165,179,,15
P43034,PS50082,188,229,0,42
P43034,PS00678,207,221,,15
P43034,PS50082,230,271,0,42
P43034,PS50082,308,333,0,26
P43034,PS00678,311,325,,15
P43034,PS50082,334,375,0,42
P43034,PS50082,376,410,0,35
P43034,PS00678,395,409,,15
P43235,PS00139,133,144,,12
P43235,PS00639,274,284,,11
P43235,PS00640,291,310,,20
P43246,PS00486,743,759,,17
P43364,PS50838,222,421,0,200
P43657,PS50262,34,291,0,258
P43657,PS00237,102,118,,17
P45844,PS50893,77,317,0,241
P45844,PS00211,217,231,,15
P46013,PS50006,27,76,1,50
P46063,PS51192,100,275,0,176
P46063,PS51194,300,451,0,152
P46087,PS51686,300,587,0,288
P46087,PS01153,454,465,,12
P46091,PS50262,55,304,0,250
P46379,PS50053,17,77,0,61
P46379,PS00299,43,68,,26
P46736,PS50249,12,179,0,168
P46776,PS00475,110,141,,32
P46778,PS01171,37,62,,26
P46782,PS00052,70,96,,27
P46821,PS00230,1886,1895,,10
P46821,PS00230,1903,1912,,10
P46821,PS00230,1937,1946,,10
P46821,PS00230,1971,1980,,10
P46821,PS00230,2005,2014,,10
P46821,PS00230,2039,2048,,10
P46934,PS50020,610,643,0,34
P46934,PS01159,616,641,,26
P46934,PS50020,767,800,0,34
P46934,PS01159,773,798,,26
P46934,PS50020,840,873,0,34
P46934,PS01159,846,871,,26
P46934,PS50020,892,925,0,34
P46934,PS01159,898,923,,26
P46934,PS50237,984,1318,0,335
P46937,PS50020,171,204,0,34
P46937,PS01159,177,202,,26
P46937,PS50020,230,263,0,34
P46937,PS01159,236,261,,26
P46939,PS50021,31,135,0,105
P46939,PS00019,33,42,,10
P46939,PS00020,107,131,,25
P46939,PS50021,150,255,0,106
P46939,PS50020,2812,2845,0,34
P46939,PS01159,2818,2843,,26
P46939,PS50135,3065,3121,0,57
P46939,PS01357,3070,3097,,28
P47211,PS50262,50,303,0,254
P47211,PS00237,121,137,,17
P47224,PS51796,9,123,0,115
P47712,PS50004,6,122,0,117
P47712,PS51210,140,740,0,601
P47712,PS00387,517,523,,7
P47712,PS00136,545,555,,11
P47756,PS00231,62,67,,6
P47897,PS00178,270,281,,12
P48449,PS01074,574,588,,15
P48509,PS00421,68,90,,23
P48643,PS00750,49,61,,13
P48643,PS00751,70,86,,17
P48643,PS00995,98,106,,9
P48729,PS50011,17,285,0,269
P48729,PS00107,23,46,,24
P48729,PS00108,132,144,,13
P48736,PS51544,34,141,0,108
P48736,PS51546,217,309,0,93
P48736,PS51547,357,521,0,165
P48736,PS51545,541,723,0,183
P48736,PS50290,797,1080,0,284
P48736,PS00915,832,846,,15
P48736,PS00916,931,951,,21
P48764,PS00678,354,368,,15
P49207,PS01145,15,28,,14
P49257,PS51328,44,267,0,224
P49327,PS52004,1,406,0,406
P49327,PS00606,152,168,,17
P49327,PS52019,838,1108,0,271
P49327,PS50075,2121,2198,0,78
P49327,PS00012,2151,2166,,16
P49368,PS00750,38,50,,13
P49368,PS00751,59,75,,17
P49368,PS00995,87,95,,9
P49411,PS51722,58,254,0,197
P49411,PS00301,99,114,,16
P49419,PS00687,295,302,,8
P49450,PS00959,66,74,,9
P49591,PS50862,203,453,0,251
P49711,PS50157,266,293,0,28
P49711,PS00028,268,288,,21
P49711,PS50157,294,321,0,28
P49711,PS00028,296,316,,21
P49711,PS50157,322,350,0,29
P49711,PS00028,324,345,,22
P49711,PS50157,351,378,0,28
P49711,PS50157,379,406,0,28
P49711,PS50157,407,435,0,29
P49711,PS00028,409,430,,22
P49711,PS50157,437,465,0,29
P49711,PS00028,439,460,,22
P49711,PS50157,467,494,0,28
P49711,PS00028,469,489,,21
P49711,PS50157,495,522,0,28
P49711,PS00028,497,517,,21
P49711,PS50157,523,546,0,24
P49711,PS00028,525,546,,22
P49711,PS50157,555,573,0,19
P49715,PS50217,282,345,0,64
P49720,PS51476,8,190,0,183
P49720,PS00854,12,59,,48
P49721,PS51476,1,183,0,183
P49721,PS00854,5,52,,48
P49736,PS50051,473,679,0,207
P49736,PS00847,582,590,,9
P49754,PS50236,568,712,0,145
P49754,PS50089,791,839,0,49
P49755,PS50866,41,193,0,153
P49756,PS50102,87,164,0,78
P49756,PS51025,750,843,0,94
P49757,PS01179,37,173,0,137
P49773,PS51084,18,126,0,109
P49773,PS00892,99,117,,19
P49790,PS00152,144,153,,10
P49790,PS50199,657,687,0,31
P49790,PS01358,662,681,,20
P49790,PS50199,722,751,0,30
P49790,PS01358,726,745,,20
P49790,PS50199,793,822,0,30
P49790,PS01358,797,816,,20
P49790,PS50199,851,880,0,30
P49790,PS01358,855,874,,20
P49792,PS50293,26,128,0,103
P49792,PS50005,60,93,0,34
P49792,PS50196,1171,1307,0,137
P49792,PS50199,1351,1381,0,31
P49792,PS01358,1356,1375,,20
P49792,PS50199,1415,1444,0,30
P49792,PS01358,1419,1438,,20
P49792,PS50199,1479,1508,0,30
P49792,PS01358,1483,1502,,20
P49792,PS50199,1543,1572,0,30
P49792,PS01358,1547,1566,,20
P49792,PS50199,1606,1635,0,30
P49792,PS01358,1610,1629,,20
P49792,PS50199,1665,1694,0,30
P49792,PS01358,1669,1688,,20
P49792,PS50199,1724,1753,0,30
P49792,PS01358,1728,1747,,20
P49792,PS50199,1781,1810,0,30
P49792,PS01358,1785,1804,,20
P49792,PS50196,2012,2148,0,137
P49792,PS50196,2309,2445,0,137
P49792,PS50196,2911,3046,0,136
P49792,PS50072,3067,3223,0,157
P49792,PS00170,3108,3125,,18
P49815,PS50085,1531,1758,0,228
P49840,PS50011,119,403,0,285
P49840,PS00107,125,149,,25
P49840,PS00108,240,252,,13
P49841,PS50011,56,340,0,285
P49841,PS00107,62,86,,25
P49841,PS00108,177,189,,13
P49915,PS51273,27,216,0,190
P49915,PS51553,217,435,0,219
P49916,PS50064,93,185,0,93
P49916,PS00347,105,142,,38
P49916,PS00697,506,514,,9
P49916,PS50160,583,717,0,135
P49916,PS00333,655,677,,23
P49916,PS50172,933,1009,0,77
P49917,PS00697,271,279,,9
P49917,PS50160,355,489,0,135
P49917,PS00333,427,451,,25
P49917,PS50172,654,743,0,90
P49917,PS50172,808,911,0,104
P50135,PS51597,1,292,0,292
P50402,PS50954,1,45,0,45
P50416,PS00439,171,186,,16
P50416,PS00440,451,478,,28
P50542,PS50005,335,368,0,34
P50542,PS50293,335,589,0,255
P50542,PS50005,369,402,0,34
P50542,PS50005,488,521,0,34
P50542,PS50005,522,555,0,34
P50542,PS50005,556,589,0,34
P50579,PS01202,246,262,,17
P50990,PS00750,44,56,,13
P50990,PS00751,65,81,,17
P50990,PS00995,93,101,,9
P50990,PS00141,282,293,,12
P50991,PS00750,49,61,,13
P50991,PS00751,70,86,,17
P50991,PS00995,98,106,,9
P50995,PS51897,200,271,0,72
P50995,PS00223,217,269,,53
P50995,PS51897,272,343,0,72
P50995,PS00223,289,341,,53
P50995,PS51897,355,427,0,73
P50995,PS00223,373,425,,53
P50995,PS51897,431,502,0,72
P50995,PS00223,448,500,,53
P51149,PS51419,4,207,0,204
P51149,PS00675,11,24,,14
P51170,PS01206,389,409,,21
P51172,PS01206,551,571,,21
P51452,PS50054,28,179,0,152
P51452,PS50056,99,158,0,60
P51452,PS00383,122,132,,11
P51587,PS50138,1002,1036,0,35
P51587,PS50138,1212,1246,0,35
P51587,PS50138,1421,1455,0,35
P51587,PS50138,1517,1551,0,35
P51587,PS50138,1664,1698,0,35
P51587,PS50138,1837,1871,0,35
P51587,PS50138,1971,2005,0,35
P51587,PS50138,2051,2085,0,35
P51608,PS50982,90,162,0,73
P51610,PS50853,366,466,0,101
P51610,PS50853,1797,1888,0,92
P51610,PS50853,1890,2006,0,117
P51617,PS50011,212,521,0,310
P51617,PS00107,218,239,,22
P51617,PS00108,336,348,,13
P51665,PS50249,9,144,0,136
P51793,PS51371,600,666,0,67
P51793,PS51371,697,755,0,59
P51798,PS51371,631,695,0,65
P51798,PS51371,741,799,0,59
P51809,PS50859,7,110,0,104
P51809,PS50892,125,185,0,61
P51809,PS00417,143,162,,20
P51843,PS51843,205,469,0,265
P51955,PS50011,8,271,0,264
P51955,PS00108,137,149,,13
P51957,PS50011,6,261,0,256
P51957,PS00107,12,36,,25
P51957,PS00108,127,139,,13
P51970,PS51808,33,74,0,42
P51970,PS51808,75,118,0,44
P52298,PS50102,40,118,0,79
P52306,PS50176,89,131,0,43
P52306,PS50176,357,389,0,33
P52429,PS50081,59,108,1,50
P52429,PS00479,60,108,,49
P52429,PS50081,124,177,1,54
P52429,PS00479,125,177,,53
P52429,PS00198,135,146,,12
P52429,PS50146,215,356,0,142
P52435,PS01154,35,66,,32
P52594,PS50115,11,135,0,125
P52701,PS50812,92,154,0,63
P52701,PS00486,1208,1224,,17
P52732,PS50067,18,359,0,342
P52732,PS00411,259,270,,12
P52739,PS50097,34,98,0,65
P52739,PS50157,261,288,0,28
P52739,PS00028,263,283,,21
P52739,PS50157,288,316,0,29
P52739,PS00028,290,311,,22
P52739,PS50157,328,355,0,28
P52739,PS00028,330,350,,21
P52739,PS50157,356,386,0,31
P52739,PS50157,392,419,0,28
P52739,PS00028,394,414,,21
P52739,PS00028,422,443,,22
P52948,PS51434,738,880,0,143
P52952,PS50071,136,196,0,61
P52952,PS00027,171,194,,24
P53041,PS50005,28,61,0,34
P53041,PS50293,28,129,0,102
P53041,PS50005,62,95,0,34
P53041,PS50005,96,129,0,34
P53041,PS00125,300,305,,6
P53350,PS50011,53,305,0,253
P53350,PS00107,59,82,,24
P53350,PS00108,172,184,,13
P53350,PS50078,410,488,0,79
P53350,PS50078,510,592,0,83
P53384,PS01215,162,178,,17
P53396,PS01217,273,297,,25
P53396,PS01216,661,690,,30
P53396,PS00399,746,762,,17
P53621,PS50082,5,39,0,35
P53621,PS50294,5,327,0,323
P53621,PS50082,47,88,0,42
P53621,PS50082,89,130,0,42
P53621,PS50082,131,165,0,35
P53621,PS00678,150,164,,15
P53621,PS50082,201,242,0,42
P53621,PS50082,245,286,0,42
P53804,PS50005,231,264,0,34
P53804,PS50293,231,332,0,102
P53804,PS50293,536,609,0,74
P53804,PS50005,576,609,0,34
P53804,PS50089,1957,1997,0,41
P54098,PS00447,943,962,,20
P54132,PS51192,676,851,0,176
P54132,PS00690,790,799,,10
P54132,PS51194,877,1024,0,148
P54132,PS50967,1212,1292,0,81
P54136,PS00178,201,212,,12
P54252,PS50957,1,180,0,180
P54252,PS50330,224,243,0,20
P54252,PS50330,244,263,0,20
P54252,PS50330,335,354,0,20
P54253,PS51148,562,693,0,132
P54274,PS51294,375,432,0,58
P54278,PS00058,105,111,,7
P54577,PS50886,364,468,0,105
P54578,PS50053,4,72,0,69
P54578,PS00299,30,55,,26
P54578,PS50235,105,483,0,379
P54578,PS00972,106,121,,16
P54578,PS00973,418,436,,19
P54845,PS50217,159,222,0,64
P54886,PS00902,301,318,,18
P54886,PS01223,678,699,,22
P55010,PS51363,233,392,0,160
P55036,PS50234,5,188,0,184
P55036,PS50330,211,230,0,20
P55036,PS50330,282,301,0,20
P55060,PS50166,29,102,0,74
P55073,PS01205,159,173,,15
P55084,PS00098,134,152,,19
P55084,PS00737,418,434,,17
P55084,PS00099,453,466,,14
P55087,PS00221,95,103,,9
P55157,PS51211,28,659,0,632
P55210,PS50208,66,190,0,125
P55210,PS01121,131,145,,15
P55210,PS01122,177,188,,12
P55210,PS50207,209,303,0,95
P55263,PS00584,311,324,,14
P55265,PS50139,133,199,0,67
P55265,PS50139,293,357,0,65
P55265,PS50137,503,571,0,69
P55265,PS50137,614,682,0,69
P55265,PS50137,726,794,0,69
P55265,PS50141,886,1221,0,336
P55318,PS00657,117,130,,14
P55318,PS50039,117,211,0,95
P55318,PS00658,161,167,,7
P55345,PS50002,30,89,0,60
P55345,PS51678,99,432,0,334
P55735,PS50082,9,50,0,42
P55735,PS50294,9,290,0,282
P55735,PS50082,53,96,0,44
P55735,PS50082,208,243,0,36
P55769,PS01082,73,90,,18
P55786,PS00142,349,358,,10
P55789,PS51324,95,195,0,101
P55884,PS50102,185,268,0,84
P55957,PS01259,86,100,,15
P56192,PS50405,74,198,0,125
P56192,PS00178,273,284,,12
P56192,PS51185,841,897,0,57
P56192,PS00762,852,880,,29
P56277,PS51808,4,46,0,43
P56645,PS50112,284,330,0,47
P56817,PS51767,75,416,0,342
P56817,PS00141,90,101,,12
P56945,PS50002,3,65,0,63
P57052,PS50102,10,87,0,78
P57059,PS50011,27,278,0,252
P57059,PS00107,33,56,,24
P57059,PS00108,145,157,,13
P57059,PS50030,303,343,0,41
P57071,PS50280,49,159,0,111
P57071,PS00028,199,219,,21
P57071,PS50157,372,394,0,23
P57071,PS00028,374,394,,21
P57071,PS50157,399,427,0,29
P57071,PS00028,401,422,,22
P57071,PS50157,460,487,0,28
P57071,PS00028,462,482,,21
P57071,PS50157,487,509,0,23
P57071,PS00028,489,509,,21
P57071,PS50157,536,563,0,28
P57071,PS00028,538,558,,21
P57071,PS50157,563,590,0,28
P57071,PS00028,565,585,,21
P57071,PS00028,628,649,,22
P57071,PS50157,654,681,0,28
P57071,PS00028,656,676,,21
P57071,PS50157,690,717,0,28
P57071,PS00028,692,712,,21
P57071,PS50157,718,745,0,28
P57071,PS00028,720,740,,21
P57071,PS50157,746,773,0,28
P57071,PS00028,748,768,,21
P57071,PS50157,774,801,0,28
P57071,PS00028,776,796,,21
P57071,PS50157,802,829,0,28
P57071,PS00028,804,824,,21
P57071,PS50157,830,858,0,29
P57071,PS00028,832,853,,22
P57071,PS00028,861,882,,22
P57081,PS50294,141,226,0,86
P57081,PS50082,184,226,0,43
P57087,PS50835,32,127,0,96
P57087,PS50835,134,238,0,105
P57723,PS50084,17,79,0,63
P57723,PS50084,101,166,0,66
P57723,PS50084,241,305,0,65
P58012,PS00657,54,67,,14
P58012,PS50039,54,148,0,95
P58012,PS00658,98,104,,7
P58557,PS01306,118,128,,11
P58753,PS50104,84,213,0,130
P59047,PS50824,69,148,0,80
P59047,PS50837,280,410,0,131
P59923,PS50804,55,137,0,83
P59923,PS50805,234,304,0,71
P59923,PS50157,485,512,0,28
P59923,PS00028,487,507,,21
P59923,PS50157,513,540,0,28
P59923,PS00028,515,535,,21
P59923,PS50157,541,568,0,28
P59923,PS00028,543,563,,21
P59923,PS50157,597,624,0,28
P59923,PS00028,599,619,,21
P59923,PS50157,625,652,0,28
P59923,PS00028,627,647,,21
P59923,PS50157,681,708,0,28
P59923,PS00028,683,703,,21
P59923,PS50157,709,736,0,28
P59923,PS00028,711,731,,21
P59923,PS50157,762,789,0,28
P59923,PS00028,764,784,,21
P59923,PS50157,790,817,0,28
P59923,PS00028,792,812,,21
P59923,PS50157,840,867,0,28
P59923,PS00028,842,862,,21
P59923,PS50157,868,895,0,28
P59923,PS00028,870,890,,21
P59923,PS50157,896,923,0,28
P59923,PS00028,898,918,,21
P59923,PS50157,978,1005,0,28
P59923,PS00028,980,1000,,21
P59923,PS50157,1006,1031,0,26
P59923,PS00028,1008,1028,,21
P60228,PS50250,221,398,0,178
P60323,PS51522,57,111,0,55
P60484,PS51181,14,185,0,172
P60484,PS50056,102,173,0,72
P60484,PS00383,122,132,,11
P60484,PS51182,190,350,0,161
P60866,PS00361,43,58,,16
P60900,PS00388,9,31,,23
P60900,PS51475,24,239,0,216
P61011,PS00300,269,282,,14
P61081,PS50127,29,173,0,145
P61081,PS00183,100,115,,16
P61218,PS01111,58,72,,15
P61221,PS51379,7,37,0,31
P61221,PS51379,46,75,0,30
P61221,PS00198,55,66,,12
P61221,PS50893,79,315,0,237
P61221,PS50893,342,562,0,221
P61221,PS00211,462,476,,15
P61353,PS01107,125,136,,12
P61587,PS51420,17,197,0,181
P61599,PS51186,2,157,0,156
P61619,PS00755,75,94,,20
P61619,PS00756,164,182,,19
P61769,PS50835,25,113,0,89
P61769,PS00290,98,104,,7
P61923,PS00989,67,77,,11
P61964,PS50082,41,82,0,42
P61964,PS50294,41,334,0,294
P61964,PS50082,83,124,0,42
P61964,PS00678,102,116,,15
P61964,PS50082,125,166,0,42
P61964,PS00678,144,158,,15
P61964,PS50082,167,208,0,42
P61964,PS00678,186,200,,15
P61964,PS50082,210,251,0,42
P61964,PS50082,252,296,0,45
P61964,PS00678,274,288,,15
P61970,PS50177,10,121,0,112
P61970,PS00678,29,43,,15
P61978,PS50084,42,104,0,63
P61978,PS50084,144,209,0,66
P61978,PS50084,387,451,0,65
P62081,PS00948,78,91,,14
P62241,PS01193,11,30,,20
P62249,PS00360,74,92,,19
P62263,PS00054,116,138,,23
P62266,PS00055,60,67,,8
P62269,PS50159,15,145,0,131
P62269,PS00646,121,134,,14
P62273,PS00527,22,44,,23
P62280,PS00056,123,135,,13
P62306,PS52002,6,78,0,73
P62308,PS52002,4,76,0,73
P62310,PS52002,16,101,0,86
P62316,PS52002,29,115,0,87
P62318,PS52002,5,77,0,73
P62328,PS00500,18,29,,12
P62633,PS50158,6,20,0,15
P62633,PS50158,54,67,0,14
P62633,PS50158,74,89,0,16
P62633,PS50158,98,111,0,14
P62633,PS50158,118,134,0,17
P62633,PS50158,136,152,0,17
P62633,PS50158,158,171,0,14
P62750,PS00050,134,149,,16
P62753,PS00578,52,63,,12
P62826,PS51418,7,171,0,165
P62829,PS00049,79,105,,27
P62841,PS00323,98,122,,25
P62847,PS00529,64,86,,23
P62854,PS00733,73,80,,8
P62857,PS00961,60,68,,9
P62861,PS50053,1,74,0,74
P62861,PS00299,25,50,,26
P62875,PS01112,2,11,,10
P62888,PS00709,24,48,,25
P62888,PS00993,80,100,,21
P62906,PS01199,117,136,,20
P62910,PS00580,20,40,,21
P62913,PS00358,40,56,,17
P62917,PS00467,197,208,,12
P62979,PS50053,1,76,0,76
P62979,PS00299,27,52,,26
P62987,PS50053,1,76,0,76
P62987,PS00299,27,52,,26
P62993,PS50002,1,58,0,58
P62993,PS50001,60,152,0,93
P62993,PS50002,156,215,0,60
P63027,PS50892,31,91,0,61
P63027,PS00417,49,68,,20
P63167,PS01239,55,69,,15
P63220,PS00996,11,19,,9
P67809,PS51857,58,127,0,70
P67809,PS00352,72,91,,20
P67870,PS01101,109,140,,32
P68400,PS50011,39,324,0,286
P68400,PS00107,45,68,,24
P68400,PS00108,152,164,,13
P78310,PS50835,18,134,0,117
P78310,PS50835,141,228,0,88
P78317,PS50089,132,177,0,46
P78317,PS00518,154,163,,10
P78332,PS50102,456,536,0,81
P78332,PS50174,1051,1097,0,47
P78347,PS51139,103,197,0,95
P78347,PS51139,352,446,0,95
P78347,PS51139,457,551,0,95
P78347,PS51139,562,656,0,95
P78347,PS51139,724,818,0,95
P78347,PS51139,859,953,0,95
P78364,PS51024,791,825,0,35
P78364,PS50105,940,1004,0,65
P78371,PS00750,40,52,,13
P78371,PS00751,63,79,,17
P78371,PS00995,91,99,,9
P78371,PS00107,95,120,,26
P78406,PS50294,35,166,0,132
P78406,PS50082,82,123,0,42
P78406,PS00678,101,115,,15
P78406,PS50082,123,166,0,44
P78406,PS00678,144,158,,15
P78406,PS50082,276,310,0,35
P78524,PS50211,698,1096,0,399
P78527,PS51189,2906,3539,0,634
P78527,PS50290,3722,4053,0,332
P78527,PS00915,3752,3766,,15
P78527,PS00916,3907,3927,,21
P78527,PS51190,4096,4128,0,33
P78540,PS51409,14,330,0,317
P78540,PS01053,249,270,,22
P78545,PS51433,46,132,0,87
P78545,PS50061,273,355,0,83
P78562,PS51885,53,749,0,697
P78562,PS00142,577,586,,10
P78563,PS50137,78,144,0,67
P78563,PS50137,249,298,0,50
P78563,PS50141,370,737,0,368
P82675,PS50881,218,282,0,65
P82675,PS00585,236,268,,33
P82912,PS00054,162,184,,23
P82933,PS00360,334,352,,19
P82970,PS00355,18,27,,10
P83111,PS51257,1,22,0,22
P83369,PS52002,154,229,0,76
P83731,PS01073,8,25,,18
P84090,PS01290,52,68,,17
P84098,PS00526,7,26,,20
P84103,PS50102,10,83,0,74
P85037,PS50006,123,175,1,53
P85037,PS00657,305,318,,14
P85037,PS50039,305,400,0,96
P85037,PS00658,349,355,,7
P85298,PS50191,13,199,0,187
P85298,PS50238,226,412,0,187
P86452,PS50808,130,187,0,58
P86452,PS50808,264,321,0,58
P98170,PS01282,26,93,,68
P98170,PS50143,29,94,0,66
P98170,PS01282,163,230,,68
P98170,PS50143,166,231,0,66
P98170,PS01282,265,330,,66
P98170,PS50143,268,331,0,64
P98170,PS50089,450,484,0,35
P98179,PS50102,6,84,0,79
Q00013,PS50106,71,152,0,82
Q00013,PS50002,158,228,0,71
Q00013,PS50052,282,451,0,170
Q00013,PS00856,317,334,,18
Q00059,PS50118,50,118,0,69
Q00059,PS50118,155,219,0,65
Q00403,PS51134,11,42,0,32
Q00403,PS00782,153,168,,16
Q00403,PS00782,247,262,,16
Q00587,PS50108,38,52,0,15
Q00978,PS51507,9,116,0,108
Q00978,PS00601,30,63,,34
Q00987,PS51925,26,109,0,84
Q00987,PS50199,299,328,0,30
Q00987,PS01358,303,322,,20
Q00987,PS50089,438,479,0,42
Q01081,PS50103,12,40,0,29
Q01081,PS50102,65,147,0,83
Q01081,PS50103,149,176,0,28
Q01167,PS50006,54,128,1,75
Q01167,PS00657,258,271,,14
Q01167,PS50039,258,353,0,96
Q01167,PS00658,302,308,,7
Q01201,PS50254,122,299,0,178
Q01201,PS01204,140,146,,7
Q01484,PS50297,30,813,0,784
Q01484,PS50088,63,95,0,33
Q01484,PS50088,96,128,0,33
Q01484,PS50088,129,161,0,33
Q01484,PS50088,232,264,0,33
Q01484,PS50088,265,297,0,33
Q01484,PS50088,298,330,0,33
Q01484,PS50088,331,363,0,33
Q01484,PS50088,364,396,0,33
Q01484,PS50088,397,429,0,33
Q01484,PS50088,430,462,0,33
Q01484,PS50088,463,495,0,33
Q01484,PS50088,496,528,0,33
Q01484,PS50088,529,561,0,33
Q01484,PS50088,562,594,0,33
Q01484,PS50088,595,627,0,33
Q01484,PS50088,628,660,0,33
Q01484,PS50088,661,693,0,33
Q01484,PS50088,694,726,0,33
Q01484,PS50088,727,759,0,33
Q01484,PS50088,760,792,0,33
Q01484,PS51145,968,1156,0,189
Q01484,PS51145,1158,1304,0,147
Q01484,PS00687,2528,2535,,8
Q01484,PS50017,3569,3653,0,85
Q01523,PS00269,65,93,,29
Q01638,PS50835,28,103,0,76
Q01638,PS50835,114,197,0,84
Q01638,PS50835,212,319,0,108
Q01638,PS50104,375,535,0,161
Q01780,PS50967,503,583,0,81
Q01804,PS50802,34,155,0,122
Q01968,PS50238,721,901,0,181
Q02127,PS00911,113,132,,20
Q02127,PS00912,329,349,,21
Q02224,PS50067,6,329,0,324
Q02224,PS00411,229,240,,12
Q02224,PS00178,2523,2533,,11
Q02410,PS01179,457,643,0,187
Q02410,PS50106,656,741,0,86
Q02410,PS50106,747,823,0,77
Q02763,PS50026,216,252,0,37
Q02763,PS00022,240,251,,12
Q02763,PS01186,240,255,,16
Q02763,PS00022,287,298,,12
Q02763,PS01186,287,302,,16
Q02763,PS00022,329,340,,12
Q02763,PS01186,329,340,,12
Q02763,PS50835,350,440,0,91
Q02763,PS50853,447,541,0,95
Q02763,PS50853,545,636,0,92
Q02763,PS50853,641,735,0,95
Q02763,PS50011,824,1096,0,273
Q02763,PS00107,830,855,,26
Q02763,PS00109,960,972,,13
Q02833,PS50200,6,89,0,84
Q02952,PS51893,607,627,0,21
Q02952,PS51893,756,776,0,21
Q02952,PS51893,801,821,0,21
Q03014,PS50071,135,195,0,61
Q03014,PS00027,170,193,,24
Q03164,PS00354,170,181,,12
Q03164,PS51058,1147,1195,0,49
Q03164,PS50016,1431,1482,0,52
Q03164,PS01359,1434,1501,,68
Q03164,PS01359,1448,1530,,83
Q03164,PS50016,1479,1533,0,55
Q03164,PS01300,1556,1578,,23
Q03164,PS01359,1556,1624,,69
Q03164,PS50016,1566,1627,0,62
Q03164,PS50014,1635,1765,0,131
Q03164,PS51805,1870,1978,0,109
Q03164,PS51542,2018,2074,0,57
Q03164,PS00018,2884,2896,,13
Q03164,PS51543,3666,3747,0,82
Q03164,PS50280,3829,3945,0,117
Q03164,PS50868,3953,3969,0,17
Q03405,PS00983,24,67,,44
Q03405,PS00983,116,169,,54
Q03405,PS00983,215,269,,55
Q03426,PS00627,137,148,,12
Q03431,PS50227,47,174,0,128
Q03431,PS00649,108,132,,25
Q03431,PS50261,187,463,0,277
Q03431,PS00650,451,466,,16
Q03468,PS51192,519,695,0,177
Q03468,PS51194,843,1002,0,160
Q03518,PS50929,189,470,0,282
Q03518,PS50893,503,742,0,240
Q03518,PS00211,643,657,,15
Q03933,PS00434,49,73,,25
Q03989,PS51011,55,147,0,93
Q04206,PS50254,16,190,0,175
Q04206,PS01204,34,40,,7
Q04323,PS50030,1,42,0,42
Q04323,PS50033,209,291,0,83
Q04837,PS50935,30,141,0,112
Q05048,PS50082,104,138,0,35
Q05048,PS50294,104,431,0,328
Q05048,PS50082,169,210,0,42
Q05048,PS50082,258,299,0,42
Q05048,PS50082,309,343,0,35
Q05048,PS00678,321,335,,15
Q05193,PS51718,28,294,0,267
Q05193,PS00410,57,66,,10
Q05193,PS50003,519,625,1,107
Q05193,PS51388,659,750,0,92
Q05209,PS50055,28,293,0,266
Q05209,PS50056,207,284,0,78
Q05209,PS00383,229,239,,11
Q05469,PS01173,647,663,,17
Q05469,PS01174,719,731,,13
Q05682,PS00012,660,675,,16
Q05823,PS50088,24,56,0,33
Q05823,PS50297,24,304,0,281
Q05823,PS50088,58,90,0,33
Q05823,PS50088,91,123,0,33
Q05823,PS50088,124,156,0,33
Q05823,PS50088,167,200,0,34
Q05823,PS50088,201,237,0,37
Q05823,PS50011,365,586,0,222
Q05823,PS51392,589,723,0,135
Q06136,PS00061,173,201,,29
Q06787,PS51641,4,50,0,47
Q06787,PS51641,63,115,0,53
Q06787,PS50084,218,279,0,62
Q06787,PS50084,286,332,0,47
Q07020,PS01106,49,66,,18
Q07343,PS51845,330,659,0,330
Q07343,PS00126,446,457,,12
Q07617,PS50293,209,242,0,34
Q07617,PS50005,242,275,0,34
Q07617,PS50293,242,309,0,68
Q07617,PS50005,276,309,0,34
Q07617,PS50005,445,478,0,34
Q07617,PS50293,452,554,0,103
Q07617,PS50005,487,520,0,34
Q07617,PS50005,521,554,0,34
Q07617,PS50005,623,656,0,34
Q07617,PS50293,623,724,0,102
Q07617,PS50005,657,690,0,34
Q07617,PS50005,691,724,0,34
Q07666,PS50084,171,197,0,27
Q07866,PS50005,213,246,0,34
Q07866,PS50293,213,414,0,202
Q07866,PS01160,238,279,,42
Q07866,PS50005,255,288,0,34
Q07866,PS01160,280,321,,42
Q07866,PS50005,297,330,0,34
Q07866,PS01160,322,363,,42
Q07866,PS50005,339,372,0,34
Q07866,PS01160,364,405,,42
Q07866,PS50005,381,414,0,34
Q07866,PS50005,464,497,0,34
Q07866,PS50293,464,497,0,34
Q07960,PS50191,63,218,0,156
Q07960,PS50238,244,431,0,188
Q08170,PS50102,2,72,0,71
Q08170,PS50102,104,177,0,74
Q08211,PS50137,3,71,0,69
Q08211,PS50137,180,252,0,73
Q08211,PS51192,398,564,0,167
Q08211,PS00690,506,515,,10
Q08211,PS51194,636,809,0,174
Q08257,PS01162,149,170,,22
Q08499,PS51845,386,715,0,330
Q08499,PS00126,502,513,,12
Q08722,PS50835,3,127,0,125
Q08752,PS50072,19,183,0,165
Q08752,PS00170,68,85,,18
Q08752,PS50005,223,256,0,34
Q08752,PS50293,223,256,0,34
Q08752,PS50005,273,306,0,34
Q08752,PS50293,273,340,0,68
Q08752,PS50005,307,340,0,34
Q08945,PS50118,547,615,0,69
Q08AD1,PS50021,222,335,0,114
Q08AD1,PS51508,1349,1483,0,135
Q0VDF9,PS01036,332,346,,15
Q10469,PS51257,1,20,0,20
Q10713,PS00143,97,120,,24
Q12774,PS50010,1174,1358,0,185
Q12774,PS00741,1306,1331,,26
Q12774,PS50003,1390,1502,0,113
Q12774,PS50002,1510,1571,0,62
Q12788,PS50294,62,642,0,581
Q12788,PS50082,105,138,0,34
Q12788,PS00678,124,138,,15
Q12788,PS50082,147,190,0,44
Q12788,PS50082,191,232,0,42
Q12788,PS00678,210,224,,15
Q12788,PS50082,372,413,0,42
Q12788,PS50082,417,449,0,33
Q12788,PS50082,475,506,0,32
Q12788,PS50082,517,558,0,42
Q12788,PS50082,559,600,0,42
Q12802,PS50081,1791,1838,1,48
Q12802,PS00479,1792,1838,,47
Q12802,PS00018,1954,1966,,13
Q12802,PS50010,1994,2191,0,198
Q12802,PS50003,2231,2333,1,103
Q12830,PS50827,240,300,0,61
Q12830,PS50016,390,437,0,48
Q12830,PS01359,393,434,,42
Q12830,PS50016,2867,2918,0,52
Q12830,PS01186,2870,2885,,16
Q12830,PS01359,2870,2915,,46
Q12830,PS50014,2927,3031,0,105
Q12830,PS00633,2949,3006,,58
Q12834,PS50294,197,480,0,284
Q12834,PS50082,222,263,0,42
Q12834,PS50082,305,336,0,32
Q12834,PS00678,373,387,,15
Q12834,PS50082,439,470,0,32
Q12849,PS50102,122,246,0,125
Q12849,PS50102,250,326,0,77
Q12849,PS50102,401,480,0,80
Q12874,PS50171,406,437,0,32
Q12888,PS50172,1724,1848,0,125
Q12888,PS50172,1864,1964,0,101
Q12899,PS50089,16,57,0,42
Q12899,PS50119,97,138,0,42
Q12899,PS50188,295,539,0,245
Q12904,PS50886,151,252,0,102
Q12905,PS51703,24,371,0,348
Q12905,PS50152,61,149,0,89
Q12906,PS51703,5,378,0,374
Q12906,PS50137,398,467,0,70
Q12906,PS50137,524,590,0,67
Q12907,PS51328,52,276,0,225
Q12923,PS51377,3,190,0,188
Q12923,PS50057,572,872,0,301
Q12923,PS50106,1093,1179,0,87
Q12923,PS50106,1368,1453,0,86
Q12923,PS50106,1501,1589,0,89
Q12923,PS50106,1788,1869,0,82
Q12923,PS50106,1883,1966,0,84
Q12923,PS50055,2213,2467,0,255
Q12923,PS50056,2389,2458,0,70
Q12933,PS50089,34,72,0,39
Q12933,PS00518,49,58,,10
Q12933,PS50145,125,170,0,46
Q12933,PS50145,177,233,0,57
Q12933,PS50144,351,496,0,146
Q12955,PS50297,40,815,0,776
Q12955,PS50088,73,105,0,33
Q12955,PS50088,106,138,0,33
Q12955,PS50088,139,171,0,33
Q12955,PS50088,172,195,0,24
Q12955,PS50088,234,266,0,33
Q12955,PS50088,267,299,0,33
Q12955,PS50088,300,332,0,33
Q12955,PS50088,333,365,0,33
Q12955,PS50088,366,398,0,33
Q12955,PS50088,399,431,0,33
Q12955,PS50088,432,464,0,33
Q12955,PS50088,465,497,0,33
Q12955,PS50088,498,530,0,33
Q12955,PS50088,531,563,0,33
Q12955,PS50088,564,596,0,33
Q12955,PS50088,597,629,0,33
Q12955,PS50088,630,662,0,33
Q12955,PS50088,663,695,0,33
Q12955,PS50088,696,728,0,33
Q12955,PS50088,729,761,0,33
Q12955,PS50088,762,794,0,33
Q12955,PS51145,984,1139,0,156
Q12955,PS51145,1141,1288,0,148
Q12955,PS50017,4090,4174,0,85
Q12968,PS50254,415,596,0,182
Q12979,PS50010,91,284,0,194
Q12979,PS00741,232,257,,26
Q12979,PS50003,301,459,1,159
Q12979,PS50004,484,613,0,130
Q12979,PS50238,647,845,0,199
Q13009,PS50003,439,547,1,109
Q13009,PS50898,765,832,0,68
Q13009,PS50106,845,908,0,64
Q13009,PS50010,1040,1234,0,195
Q13009,PS00741,1182,1207,,26
Q13029,PS50280,28,141,0,114
Q13029,PS50157,360,382,0,23
Q13029,PS00028,362,382,,21
Q13029,PS50157,390,412,0,23
Q13029,PS00028,392,412,,21
Q13029,PS50157,483,506,0,24
Q13029,PS00028,485,506,,22
Q13029,PS50157,1134,1161,0,28
Q13029,PS00028,1136,1156,,21
Q13029,PS50157,1162,1185,0,24
Q13029,PS00028,1164,1185,,22
Q13029,PS50157,1191,1214,0,24
Q13029,PS00028,1193,1214,,22
Q13029,PS50157,1455,1482,0,28
Q13042,PS50005,130,163,0,34
Q13042,PS50293,299,512,0,214
Q13042,PS50005,334,367,0,34
Q13042,PS50005,368,401,0,34
Q13042,PS50005,445,478,0,34
Q13042,PS50005,479,512,0,34
Q13098,PS50250,269,431,0,163
Q13099,PS50293,197,305,0,109
Q13099,PS50005,233,266,0,34
Q13099,PS50005,272,305,0,34
Q13099,PS50293,415,687,0,273
Q13099,PS50005,450,483,0,34
Q13099,PS50005,484,517,0,34
Q13099,PS50005,518,551,0,34
Q13099,PS50005,552,585,0,34
Q13099,PS50005,586,619,0,34
Q13099,PS50005,620,653,0,34
Q13099,PS50005,654,687,0,34
Q13112,PS50294,32,208,0,177
Q13112,PS50082,62,103,0,42
Q13112,PS50082,125,166,0,42
Q13112,PS00678,144,158,,15
Q13112,PS50082,167,208,0,42
Q13127,PS50157,159,186,0,28
Q13127,PS50157,276,303,0,28
Q13127,PS50157,304,331,0,28
Q13127,PS50157,332,360,0,29
Q13127,PS50157,361,388,0,28
Q13127,PS50157,1060,1082,0,23
Q13127,PS00028,1062,1082,,21
Q13136,PS50105,878,944,0,67
Q13136,PS50105,970,1027,0,58
Q13136,PS50105,1051,1120,0,70
Q13137,PS51905,419,444,0,26
Q13148,PS50102,104,200,0,97
Q13148,PS50102,191,262,0,72
Q13162,PS51352,79,237,0,159
Q13190,PS50192,263,325,0,63
Q13190,PS00914,269,309,,41
Q13247,PS50102,2,72,0,71
Q13247,PS50102,110,183,0,74
Q13257,PS50815,14,197,0,184
Q13261,PS50923,31,95,0,65
Q13263,PS50089,65,121,0,57
Q13263,PS50119,148,195,0,48
Q13263,PS50119,204,245,0,42
Q13263,PS50016,625,672,0,48
Q13263,PS01359,628,669,,42
Q13263,PS50014,695,799,0,105
Q13277,PS50192,191,253,0,63
Q13277,PS00914,197,237,,41
Q13285,PS51030,10,85,0,76
Q13285,PS00031,13,39,,27
Q13285,PS51843,222,459,0,238
Q13308,PS50835,15,120,0,106
Q13308,PS50835,128,218,0,91
Q13308,PS50835,225,301,0,77
Q13308,PS50835,309,407,0,99
Q13308,PS50835,412,497,0,86
Q13308,PS50835,506,575,0,70
Q13308,PS50835,576,680,0,105
Q13308,PS50011,796,1066,0,271
Q13308,PS00109,926,938,,13
Q13309,PS50181,94,140,0,47
Q13315,PS51189,1940,2566,0,627
Q13315,PS50290,2686,2998,0,313
Q13315,PS00915,2716,2730,,15
Q13315,PS00916,2855,2875,,21
Q13315,PS51190,3024,3056,0,33
Q13324,PS50227,13,102,0,90
Q13324,PS00649,40,65,,26
Q13324,PS50261,116,363,0,248
Q13324,PS00650,351,366,,16
Q13336,PS00079,284,304,,21
Q13347,PS50082,6,47,0,42
Q13347,PS50294,6,225,0,220
Q13347,PS50082,48,89,0,42
Q13347,PS00678,67,81,,15
Q13347,PS50082,184,225,0,42
Q13347,PS50082,281,311,0,31
Q13347,PS50294,281,325,0,45
Q13351,PS50157,279,308,0,30
Q13351,PS00028,281,303,,23
Q13351,PS50157,309,338,0,30
Q13351,PS00028,311,333,,23
Q13351,PS50157,339,362,0,24
Q13351,PS00028,341,361,,21
Q13356,PS51698,35,108,0,74
Q13356,PS50072,285,433,0,149
Q13356,PS00170,316,333,,18
Q13409,PS50294,310,607,0,298
Q13418,PS50297,26,140,0,115
Q13418,PS50088,33,65,0,33
Q13418,PS50088,66,98,0,33
Q13418,PS50088,99,131,0,33
Q13418,PS50011,193,446,0,254
Q13427,PS50072,11,176,0,166
Q13427,PS00170,60,77,,18
Q13428,PS50896,6,38,0,33
Q13435,PS50800,24,58,0,35
Q13438,PS51914,108,230,0,123
Q13439,PS00012,1235,1250,,16
Q13439,PS50913,2168,2215,0,48
Q13464,PS50011,76,338,0,263
Q13464,PS00107,82,105,,24
Q13464,PS00108,194,206,,13
Q13464,PS51285,341,409,0,69
Q13464,PS51860,479,556,0,78
Q13464,PS51859,949,1015,0,67
Q13464,PS50003,1118,1317,0,200
Q13464,PS50081,1228,1281,1,54
Q13470,PS50011,116,377,0,262
Q13470,PS00107,122,148,,27
Q13470,PS00109,241,253,,13
Q13470,PS50002,380,445,0,66
Q13485,PS51075,18,142,0,125
Q13485,PS51076,323,552,0,230
Q13492,PS50942,14,145,0,132
Q13501,PS51745,3,102,0,100
Q13501,PS50135,123,173,0,51
Q13501,PS01357,128,154,,27
Q13501,PS50030,389,434,0,46
Q13523,PS50011,687,1003,0,317
Q13523,PS00108,811,823,,13
Q13526,PS50020,5,39,0,35
Q13526,PS01159,11,37,,27
Q13526,PS50198,52,163,0,112
Q13526,PS01096,103,123,,21
Q13535,PS50077,805,839,0,35
Q13535,PS51189,1640,2185,0,546
Q13535,PS50290,2296,2604,0,309
Q13535,PS00916,2460,2480,,21
Q13535,PS51190,2612,2644,0,33
Q13563,PS50222,750,785,0,36
Q13585,PS50262,45,294,0,250
Q13585,PS00237,114,130,,17
Q13585,PS00134,539,544,,6
Q13608,PS00674,842,860,,19
Q13610,PS50082,252,294,0,43
Q13610,PS50294,252,468,0,217
Q13610,PS00678,272,286,,15
Q13610,PS50082,295,337,0,43
Q13610,PS50082,381,415,0,35
Q13610,PS00678,401,415,,15
Q13620,PS50069,558,786,0,229
Q13620,PS01256,886,913,,28
Q13627,PS50011,159,479,0,321
Q13627,PS00107,165,188,,24
Q13627,PS00108,283,295,,13
Q13685,PS50082,87,129,0,43
Q13685,PS50294,87,434,0,348
Q13685,PS50082,130,171,0,42
Q13685,PS50082,225,252,0,28
Q13685,PS50082,256,297,0,42
Q13685,PS50082,354,395,0,42
Q13685,PS00678,373,387,,15
Q13685,PS50082,396,434,0,39
Q13686,PS51471,208,347,0,140
Q13740,PS50835,125,234,0,110
Q13740,PS50835,245,328,0,84
Q13740,PS50835,347,409,0,63
Q13740,PS50835,416,501,0,86
Q13823,PS51721,207,368,0,162
Q13835,PS50176,287,314,0,28
Q13835,PS50176,329,372,0,44
Q13835,PS50176,595,623,0,29
Q13838,PS51195,45,73,0,29
Q13838,PS51192,76,249,0,174
Q13838,PS51194,261,422,0,162
Q13867,PS00139,67,78,,12
Q13873,PS50011,203,504,0,302
Q13873,PS00107,209,230,,22
Q13886,PS50157,143,172,0,30
Q13886,PS00028,145,167,,23
Q13886,PS50157,173,202,0,30
Q13886,PS00028,175,197,,23
Q13886,PS50157,203,230,0,28
Q13886,PS00028,205,225,,21
Q13887,PS50157,373,402,0,30
Q13887,PS00028,375,397,,23
Q13887,PS50157,403,432,0,30
Q13887,PS00028,405,427,,23
Q13887,PS50157,433,457,0,25
Q13887,PS00028,435,455,,21
Q13907,PS51462,49,199,0,151
Q14002,PS50835,146,233,0,88
Q14008,PS50077,440,478,0,39
Q14019,PS51263,2,130,0,129
Q14061,PS51808,23,63,0,41
Q14118,PS51699,603,712,0,110
Q14119,PS50157,74,101,0,28
Q14119,PS00028,76,96,,21
Q14119,PS50157,174,201,0,28
Q14119,PS00028,176,196,,21
Q14119,PS50157,202,226,0,25
Q14119,PS00028,204,224,,21
Q14119,PS50157,232,260,0,29
Q14119,PS00028,234,255,,22
Q14119,PS50157,261,288,0,28
Q14119,PS00028,263,283,,21
Q14126,PS50268,70,159,0,90
Q14126,PS00232,147,157,,11
Q14126,PS50268,160,272,0,113
Q14126,PS00232,260,270,,11
Q14126,PS50268,282,393,0,112
Q14126,PS50268,392,499,0,108
Q14126,PS00232,487,497,,11
Q14134,PS50119,220,260,0,41
Q14137,PS50082,409,450,0,42
Q14137,PS50294,409,450,0,42
Q14137,PS00678,428,442,,15
Q14137,PS50294,575,746,0,172
Q14137,PS50082,659,689,0,31
Q14140,PS51053,33,80,0,48
Q14145,PS50097,77,149,0,73
Q14149,PS51050,404,454,0,51
Q14152,PS50250,315,498,0,184
Q14160,PS51450,37,58,0,22
Q14160,PS51450,60,81,0,22
Q14160,PS51450,83,104,0,22
Q14160,PS51450,106,127,0,22
Q14160,PS51450,152,174,0,23
Q14160,PS51450,175,197,0,23
Q14160,PS51450,198,219,0,22
Q14160,PS51450,221,243,0,23
Q14160,PS51450,244,265,0,22
Q14160,PS51450,290,312,0,23
Q14160,PS51450,313,334,0,22
Q14160,PS51450,336,357,0,22
Q14160,PS51450,359,381,0,23
Q14160,PS50106,728,815,0,88
Q14160,PS50106,862,950,0,89
Q14160,PS50106,1004,1093,0,90
Q14160,PS50106,1100,1188,0,89
Q14166,PS51221,300,644,0,345
Q14190,PS50888,1,53,0,53
Q14190,PS50112,77,149,0,73
Q14190,PS50112,233,288,0,56
Q14190,PS51302,336,667,0,332
Q14203,PS00845,48,79,,32
Q14203,PS50245,48,90,0,43
Q14204,PS00639,2216,2226,,11
Q14247,PS51090,80,116,0,37
Q14247,PS51090,117,153,0,37
Q14247,PS51090,154,190,0,37
Q14247,PS51090,191,227,0,37
Q14247,PS51090,228,264,0,37
Q14247,PS51090,265,301,0,37
Q14247,PS51090,302,324,0,23
Q14247,PS50002,492,550,0,59
Q14258,PS50089,13,54,0,42
Q14258,PS00518,28,37,,10
Q14258,PS50188,439,630,0,192
Q14296,PS51286,477,535,0,59
Q14318,PS50059,120,204,0,85
Q14318,PS50005,272,305,0,34
Q14318,PS50293,272,339,0,68
Q14318,PS50005,306,339,0,34
Q14469,PS50888,34,91,0,58
Q14469,PS51054,110,143,0,34
Q14494,PS50217,654,717,0,64
Q14494,PS00036,659,674,,16
Q14511,PS50002,3,65,0,63
Q14527,PS51192,435,606,0,172
Q14527,PS50089,760,801,0,42
Q14527,PS00518,775,784,,10
Q14527,PS51194,837,996,0,160
Q14562,PS50126,265,336,0,72
Q14562,PS00211,313,327,,15
Q14562,PS51192,575,738,0,164
Q14562,PS00690,680,689,,10
Q14562,PS51194,756,936,0,181
Q14566,PS50051,346,552,0,207
Q14566,PS00847,455,463,,9
Q14596,PS51745,4,85,0,82
Q14596,PS50135,212,264,0,53
Q14596,PS01357,217,243,,27
Q14596,PS50030,913,957,0,45
Q14626,PS50835,27,110,0,84
Q14626,PS50853,112,219,0,108
Q14626,PS01354,216,258,,43
Q14626,PS50853,220,317,0,98
Q14627,PS50853,34,134,0,101
Q14627,PS50853,139,235,0,97
Q14627,PS01356,153,184,,32
Q14627,PS50853,240,333,0,94
Q14653,PS51507,5,111,0,107
Q14653,PS00601,26,58,,33
Q14676,PS50006,54,100,1,47
Q14676,PS50172,1892,1970,0,79
Q14677,PS50942,16,149,0,134
Q14678,PS50297,1155,1320,0,166
Q14678,PS50088,1161,1183,0,23
Q14678,PS50088,1233,1265,0,33
Q14678,PS50088,1266,1287,0,22
Q14680,PS50011,11,263,0,253
Q14680,PS00107,17,40,,24
Q14680,PS00108,128,140,,13
Q14680,PS50032,602,651,0,50
Q14690,PS50126,83,171,0,89
Q14690,PS50126,187,258,0,72
Q14690,PS50126,281,346,0,66
Q14690,PS50126,365,436,0,72
Q14690,PS50126,453,522,0,70
Q14690,PS50126,542,611,0,70
Q14690,PS50126,636,707,0,72
Q14690,PS50126,729,798,0,70
Q14690,PS50126,1036,1109,0,74
Q14690,PS50126,1149,1222,0,74
Q14690,PS50126,1230,1298,0,69
Q14690,PS50126,1324,1396,0,73
Q14690,PS50293,1691,1794,0,104
Q14692,PS51714,80,245,0,166
Q14694,PS50235,415,795,0,381
Q14694,PS00972,416,431,,16
Q14694,PS00973,732,750,,19
Q14739,PS01017,362,377,,16
Q14739,PS01018,579,602,,24
Q14764,PS51224,4,54,0,51
Q14764,PS51224,56,116,0,61
Q14764,PS51224,117,169,0,53
Q14764,PS00018,131,143,,13
Q14764,PS51224,170,222,0,53
Q14764,PS51224,223,277,0,55
Q14764,PS51224,279,327,0,49
Q14764,PS51224,328,383,0,56
Q14764,PS51224,384,437,0,54
Q14781,PS50013,12,70,0,59
Q14781,PS00598,29,49,,21
Q147X3,PS51186,214,362,0,149
Q14807,PS50067,43,368,0,326
Q14807,PS00411,268,279,,12
Q14849,PS51439,46,217,0,172
Q14849,PS50848,248,443,0,196
Q14872,PS50157,140,169,0,30
Q14872,PS00028,142,164,,23
Q14872,PS50157,170,199,0,30
Q14872,PS00028,172,194,,23
Q14872,PS50157,200,229,0,30
Q14872,PS00028,202,224,,23
Q14872,PS50157,229,258,0,30
Q14872,PS00028,231,253,,23
Q14872,PS50157,259,288,0,30
Q14872,PS00028,261,283,,23
Q14872,PS50157,289,318,0,30
Q14872,PS00028,291,313,,23
Q14934,PS50254,401,582,0,182
Q14974,PS50166,21,101,0,81
Q14974,PS50077,409,446,0,38
Q149M9,PS50082,864,905,0,42
Q149M9,PS50294,864,1037,0,174
Q149M9,PS00678,883,897,,15
Q149M9,PS50082,906,947,0,42
Q149M9,PS50082,1124,1165,0,42
Q149M9,PS50294,1124,1251,0,128
Q149M9,PS50082,1384,1418,0,35
Q149M9,PS50294,1384,1470,0,87
Q149M9,PS00678,1403,1417,,15
Q14C86,PS50018,147,385,0,239
Q14C86,PS51205,1338,1478,0,141
Q14CX7,PS50293,21,146,0,126
Q14CZ7,PS51286,591,649,0,59
Q15006,PS50005,87,120,0,34
Q15006,PS50293,87,225,0,139
Q15006,PS50005,155,188,0,34
Q15008,PS50250,193,361,0,169
Q15018,PS50249,3,149,0,147
Q15020,PS50102,704,782,0,79
Q15020,PS50102,801,878,0,78
Q15022,PS00028,450,471,,22
Q15029,PS51722,127,409,0,283
Q15040,PS50957,23,202,0,180
Q15046,PS50862,244,575,0,332
Q15048,PS00136,120,130,,11
Q15049,PS00527,84,106,,23
Q15058,PS50067,358,701,0,344
Q15058,PS00411,597,608,,12
Q15075,PS50157,41,69,0,29
Q15075,PS00028,43,64,,22
Q15075,PS50178,1352,1410,0,59
Q15080,PS50195,19,140,0,122
Q15080,PS50002,170,229,0,60
Q15080,PS51745,237,329,0,93
Q15084,PS51352,2,133,0,132
Q15084,PS00194,47,65,,19
Q15084,PS51352,154,287,0,134
Q15084,PS00194,182,200,,19
Q15084,PS00014,437,440,,4
Q15109,PS50835,31,116,0,86
Q15109,PS50835,124,221,0,98
Q15109,PS50835,227,317,0,91
Q15109,PS00290,299,305,,7
Q15125,PS51751,61,204,0,144
Q15149,PS50021,179,282,0,104
Q15149,PS00019,181,190,,10
Q15149,PS00020,254,278,,25
Q15149,PS50021,295,400,0,106
Q15149,PS50002,941,998,0,58
Q15154,PS00559,575,610,,36
Q15185,PS51203,1,90,0,90
Q15269,PS50294,140,225,0,86
Q15269,PS50294,284,580,0,297
Q15269,PS50082,369,401,0,33
Q15269,PS00678,388,402,,15
Q15269,PS50082,411,452,0,42
Q15269,PS50082,497,530,0,34
Q15269,PS00678,516,530,,15
Q15291,PS50294,36,103,0,68
Q15291,PS50082,62,103,0,42
Q15311,PS50238,192,380,0,189
Q15319,PS51179,179,256,0,78
Q15319,PS00035,197,209,,13
Q15319,PS00465,224,237,,14
Q15319,PS50071,272,332,0,61
Q15319,PS00027,307,330,,24
Q15326,PS52014,6,82,0,77
Q15326,PS50016,100,148,0,49
Q15326,PS01359,103,145,,43
Q15326,PS50014,149,255,0,107
Q15326,PS50812,280,331,0,52
Q15326,PS01360,563,598,,36
Q15326,PS50865,563,598,0,36
Q15327,PS50297,127,291,0,165
Q15327,PS50088,152,184,0,33
Q15327,PS50088,185,217,0,33
Q15327,PS50088,218,250,0,33
Q15327,PS50088,251,283,0,33
Q15363,PS50866,30,112,0,83
Q15382,PS51421,2,184,0,183
Q15392,PS51387,58,234,0,177
Q15393,PS00290,287,293,,7
Q15397,PS50303,137,510,0,374
Q15397,PS50302,164,200,0,37
Q15397,PS50302,201,236,0,36
Q15397,PS50302,350,385,0,36
Q15397,PS50302,424,460,0,37
Q15397,PS50302,493,531,0,39
Q15427,PS50102,13,91,0,79
Q15427,PS50102,100,179,0,80
Q15428,PS50171,54,84,0,31
Q15459,PS50128,52,94,0,43
Q15459,PS50128,166,208,0,43
Q15459,PS50053,707,790,0,84
Q15466,PS51843,16,257,0,242
Q15477,PS51192,319,475,0,157
Q15477,PS51194,585,755,0,171
Q15554,PS51294,484,541,0,58
Q155Q3,PS50021,20,127,0,108
Q155Q3,PS50841,600,680,0,81
Q15628,PS50017,215,305,0,91
Q15643,PS50913,1774,1823,0,50
Q15648,PS00012,1240,1255,,16
Q15648,PS00627,1243,1254,,12
Q15654,PS50023,277,335,0,59
Q15654,PS00478,279,314,,36
Q15654,PS50023,337,397,0,61
Q15654,PS00478,339,372,,34
Q15654,PS50023,400,467,0,68
Q15691,PS50021,14,116,0,103
Q15691,PS51230,185,255,0,71
Q15699,PS50071,130,190,0,61
Q15699,PS00027,165,188,,24
Q15699,PS50803,306,319,0,14
Q15714,PS01289,988,1004,,17
Q15744,PS50217,204,267,0,64
Q15746,PS50835,33,122,0,90
Q15746,PS50835,161,249,0,89
Q15746,PS50835,414,503,0,90
Q15746,PS50835,514,599,0,86
Q15746,PS50835,620,711,0,92
Q15746,PS50835,721,808,0,88
Q15746,PS50835,1098,1186,0,89
Q15746,PS50835,1238,1326,0,89
Q15746,PS50853,1334,1426,0,93
Q15746,PS50011,1464,1719,0,256
Q15746,PS00107,1470,1493,,24
Q15746,PS00108,1581,1593,,13
Q15746,PS50835,1809,1898,0,90
Q15762,PS50835,4,110,0,107
Q15762,PS50835,135,239,0,105
Q15785,PS50005,9,42,0,34
Q15785,PS50293,9,118,0,110
Q15785,PS50005,85,118,0,34
Q15785,PS50005,193,226,0,34
Q15785,PS50293,193,294,0,102
Q15785,PS50005,227,260,0,34
Q15785,PS50005,261,294,0,34
Q15788,PS50888,23,80,0,58
Q15788,PS50112,109,180,0,72
Q15814,PS51329,171,323,0,153
Q15831,PS50011,49,309,0,261
Q15831,PS00107,55,78,,24
Q15831,PS00108,172,184,,13
Q15836,PS50892,14,74,0,61
Q15836,PS00417,32,51,,20
Q15843,PS50053,1,76,0,76
Q15843,PS00299,27,52,,26
Q15916,PS50097,33,97,0,65
Q15916,PS00018,154,166,,13
Q15916,PS50157,301,323,0,23
Q15916,PS00028,303,323,,21
Q15916,PS50157,326,353,0,28
Q15916,PS00028,328,348,,21
Q15916,PS50157,354,381,0,28
Q15916,PS00028,356,376,,21
Q15916,PS50157,382,405,0,24
Q15916,PS00028,384,405,,22
Q15942,PS50023,382,441,0,60
Q15942,PS00478,384,419,,36
Q15942,PS50023,442,502,0,61
Q15942,PS00478,444,477,,34
Q15942,PS50023,503,572,0,70
Q16082,PS01031,55,163,0,109
Q16186,PS51917,18,131,0,114
Q16186,PS51916,277,391,0,115
Q16236,PS50217,497,560,0,64
Q16236,PS00036,502,517,,16
Q16584,PS50002,41,105,0,65
Q16584,PS50011,117,379,0,263
Q16584,PS00107,123,144,,22
Q16584,PS00108,237,249,,13
Q16595,PS50810,90,198,0,109
Q16595,PS01344,144,158,,15
Q16613,PS51186,35,194,0,160
Q16617,PS01221,18,46,,29
Q16625,PS51225,60,269,0,210
Q16625,PS51980,414,522,0,109
Q16629,PS50102,11,84,0,74
Q16629,PS50158,105,119,0,15
Q16637,PS50304,91,151,0,61
Q16643,PS51263,3,134,0,132
Q16666,PS50824,1,88,0,88
Q16666,PS50834,189,389,0,201
Q16666,PS50834,562,761,0,200
Q16667,PS50054,33,201,0,169
Q16667,PS50056,135,187,0,53
Q16740,PS00381,145,156,,12
Q16740,PS00382,167,180,,14
Q16778,PS00357,93,115,,23
Q16790,PS51144,139,390,0,252
Q16790,PS00162,237,253,,17
Q16799,PS50845,589,776,0,188
Q16799,PS00047,770,774,,5
Q16822,PS00505,302,310,,9
Q16850,PS00134,210,215,,6
Q16850,PS00086,448,457,,10
Q16873,PS01297,42,56,,15
Q16891,PS51257,1,17,0,17
Q17R98,PS50157,374,401,0,28
Q17R98,PS00028,376,396,,21
Q17R98,PS50157,402,429,0,28
Q17R98,PS00028,404,426,,23
Q17R98,PS50157,817,844,0,28
Q17R98,PS00028,819,839,,21
Q17R98,PS50157,845,868,0,24
Q17R98,PS00028,1021,1041,,21
Q17R98,PS50157,1047,1070,0,24
Q17R98,PS00028,1049,1069,,21
Q2M1P5,PS50067,15,349,0,335
Q2M1P5,PS00411,246,257,,12
Q2M2I8,PS50011,46,315,0,270
Q2M2I8,PS00108,172,184,,13
Q2NL82,PS51714,81,242,0,162
Q2PPJ7,PS50085,1635,1843,0,209
Q2TAZ0,PS00862,1271,1304,,34
Q2TAZ0,PS00059,1876,1890,,15
Q2YD98,PS52058,564,591,0,28
Q30201,PS50835,207,286,0,80
Q30201,PS00290,280,286,,7
Q38SD2,PS50297,53,218,0,166
Q38SD2,PS51450,279,300,0,22
Q38SD2,PS51450,303,324,0,22
Q38SD2,PS51450,330,351,0,22
Q38SD2,PS51450,353,374,0,22
Q38SD2,PS51450,381,402,0,22
Q38SD2,PS51450,405,426,0,22
Q38SD2,PS51450,451,472,0,22
Q38SD2,PS51450,474,495,0,22
Q38SD2,PS51450,498,519,0,22
Q38SD2,PS51450,549,570,0,22
Q38SD2,PS51450,572,594,0,23
Q38SD2,PS51424,632,826,0,195
Q38SD2,PS50011,1242,1525,0,284
Q3KNV8,PS50089,17,56,0,40
Q3KNV8,PS00518,33,42,,10
Q3KR16,PS50010,161,353,0,193
Q3KR16,PS50003,409,509,0,101
Q3KRA9,PS51471,96,227,0,132
Q3MHD2,PS52002,2,72,0,71
Q3MHD2,PS52001,80,174,0,95
Q3SXY8,PS51417,15,190,0,176
Q3T906,PS50258,438,473,0,36
Q3T906,PS50258,505,545,0,41
Q3T906,PS51912,699,798,0,100
Q3T906,PS50222,1005,1040,0,36
Q3T906,PS00018,1018,1030,,13
Q3YBR2,PS51542,182,241,0,60
Q3YBR2,PS51543,242,321,0,80
Q3YEC7,PS51419,39,279,0,241
Q3ZCQ8,PS50969,143,286,0,144
Q460N5,PS51154,791,978,0,188
Q460N5,PS51154,1003,1190,0,188
Q460N5,PS51154,1216,1387,0,172
Q460N5,PS50918,1523,1601,0,79
Q460N5,PS51059,1605,1801,0,197
Q49A26,PS50812,8,66,0,59
Q49B96,PS51808,27,69,0,43
Q4AC94,PS50004,521,678,0,158
Q4AC94,PS50004,787,919,0,133
Q4AC94,PS50004,985,1147,0,163
Q4AC94,PS50004,1171,1339,0,169
Q4AC94,PS50004,1403,1533,0,131
Q4AC94,PS50004,1617,1745,0,129
Q4FZB7,PS51570,11,361,0,351
Q4FZB7,PS50280,193,308,0,116
Q4G0J3,PS50961,28,122,0,95
Q4G0J3,PS50102,125,188,0,64
Q4G0J3,PS51939,450,563,0,114
Q4G176,PS00455,199,210,,12
Q4JDL3,PS50055,159,412,0,254
Q4JDL3,PS50056,331,403,0,73
Q4JDL3,PS00383,351,361,,11
Q502W6,PS50234,508,684,0,177
Q53F39,PS00024,92,106,,15
Q53GL7,PS51059,806,1025,0,220
Q53GS9,PS50271,103,200,0,98
Q53GS9,PS50235,225,555,0,331
Q53GT1,PS50097,50,117,0,68
Q53H12,PS50146,58,199,0,142
Q53QZ3,PS50003,79,189,1,111
Q53QZ3,PS50238,281,470,0,190
Q53R41,PS51286,777,837,0,61
Q53RE8,PS50297,38,161,0,124
Q53RE8,PS50088,63,95,0,33
Q53RE8,PS50088,96,128,0,33
Q53RE8,PS50088,129,161,0,33
Q53TN4,PS50939,15,220,0,206
Q562E7,PS50197,337,619,0,283
Q562E7,PS00124,840,852,,13
Q562E7,PS50082,1644,1675,0,32
Q562E7,PS50294,1644,1864,0,221
Q56P42,PS50824,1,94,0,94
Q58WW2,PS50294,47,229,0,183
Q58WW2,PS50096,676,703,0,28
Q58WW2,PS50294,713,798,0,86
Q5BJF2,PS51751,10,158,0,149
Q5BKZ1,PS51799,314,336,0,23
Q5BKZ1,PS51799,407,430,0,24
Q5C9Z4,PS51366,654,770,0,117
Q5EBL4,PS51776,10,97,0,88
Q5EBL4,PS51777,291,356,0,66
Q5F1R6,PS50076,3,69,0,67
Q5F1R6,PS00636,46,65,,20
Q5F1R6,PS00018,281,293,,13
Q5F1R6,PS50157,314,338,0,25
Q5F1R6,PS00028,316,338,,23
Q5F1R6,PS00028,484,506,,23
Q5FBB7,PS00307,169,175,,7
Q5FWF4,PS51192,46,208,0,163
Q5FWF4,PS51194,325,481,0,157
Q5FWF4,PS50199,621,650,0,30
Q5FWF4,PS01358,625,644,,20
Q5GLZ8,PS50012,1,52,0,52
Q5GLZ8,PS00626,39,49,,11
Q5GLZ8,PS50012,53,102,0,50
Q5GLZ8,PS50012,103,155,0,53
Q5GLZ8,PS00626,142,152,,11
Q5GLZ8,PS50012,156,208,0,53
Q5GLZ8,PS50012,209,260,0,52
Q5GLZ8,PS00626,247,257,,11
Q5GLZ8,PS50012,261,312,0,52
Q5GLZ8,PS50012,314,380,0,67
Q5GLZ8,PS50237,730,1057,0,328
Q5H9F3,PS50297,1495,1603,0,109
Q5H9F3,PS50088,1529,1561,0,33
Q5H9F3,PS50088,1562,1594,0,33
Q5HYI8,PS51419,1,236,0,236
Q5HYI8,PS00675,9,22,,14
Q5HYK3,PS51608,63,326,0,264
Q5HYK3,PS01183,79,94,,16
Q5HYK3,PS01184,234,248,,15
Q5JPH6,PS00178,43,54,,12
Q5JPI9,PS00445,103,123,,21
Q5JSL3,PS50003,165,272,1,108
Q5JSL3,PS51650,640,818,0,179
Q5JSL3,PS51651,1609,2036,0,428
Q5JT25,PS51419,25,222,0,198
Q5JTJ3,PS51808,55,98,0,44
Q5JVF3,PS50250,210,391,0,182
Q5JY77,PS00213,400,411,,12
Q5JY77,PS00213,774,785,,12
Q5JY77,PS00213,962,975,,14
Q5JY77,PS00213,996,1008,,13
Q5K4L6,PS00455,285,296,,12
Q5KU26,PS50041,614,731,0,118
Q5KU26,PS00615,708,730,,23
Q5NUL3,PS50262,57,321,0,265
Q5S007,PS51450,983,1004,0,22
Q5S007,PS51450,1012,1033,0,22
Q5S007,PS51450,1036,1057,0,22
Q5S007,PS51450,1084,1105,0,22
Q5S007,PS51450,1108,1129,0,22
Q5S007,PS51450,1130,1150,0,21
Q5S007,PS51450,1174,1196,0,23
Q5S007,PS51450,1197,1218,0,22
Q5S007,PS51450,1221,1241,0,21
Q5S007,PS51450,1246,1267,0,22
Q5S007,PS51450,1269,1291,0,23
Q5S007,PS51424,1328,1511,0,184
Q5S007,PS50011,1879,2138,0,260
Q5S007,PS00107,1885,1906,,22
Q5S007,PS00108,1990,2002,,13
Q5S007,PS00626,2427,2437,,11
Q5SQI0,PS51730,1,190,0,190
Q5SW79,PS50006,23,73,1,51
Q5SXM8,PS51501,64,161,0,98
Q5T160,PS00178,134,145,,12
Q5T1V6,PS51195,203,231,0,29
Q5T1V6,PS51192,234,405,0,172
Q5T1V6,PS51194,416,579,0,164
Q5T2D3,PS50802,65,189,0,125
Q5T481,PS00028,414,436,,23
Q5T481,PS50102,518,593,0,76
Q5T481,PS50171,1161,1192,0,32
Q5T4S7,PS51157,1656,1729,0,74
Q5T4S7,PS00028,1658,1680,,23
Q5T4S7,PS00923,2551,2560,,10
Q5T4S7,PS52043,4717,5182,0,466
Q5T5U3,PS50106,50,159,0,110
Q5T5U3,PS50003,931,1040,1,110
Q5T5U3,PS50238,1147,1339,0,193
Q5T5X7,PS51457,242,343,0,102
Q5T5X7,PS51457,387,487,0,101
Q5T5X7,PS51457,548,650,0,103
Q5T5X7,PS51457,715,816,0,102
Q5T5Y3,PS50021,216,331,0,116
Q5T5Y3,PS51508,1463,1597,0,135
Q5T7W0,PS50157,147,174,0,28
Q5T7W0,PS00028,149,169,,21
Q5T7W0,PS50157,188,211,0,24
Q5T7W0,PS00028,190,210,,21
Q5T7W0,PS50157,256,279,0,24
Q5T7W0,PS00028,258,278,,21
Q5T7W0,PS50157,392,419,0,28
Q5T7W0,PS00028,394,414,,21
Q5TA31,PS50089,12,52,0,41
Q5TA31,PS00518,27,36,,10
Q5TAQ9,PS50082,189,221,0,33
Q5TAQ9,PS50294,189,515,0,327
Q5TAX3,PS00028,306,328,,23
Q5TAX3,PS50158,915,930,0,16
Q5TAX3,PS50158,1295,1310,0,16
Q5TAX3,PS50158,1358,1374,0,17
Q5TB30,PS50186,24,108,0,85
Q5TCY1,PS50011,34,297,0,264
Q5TCY1,PS00107,40,63,,24
Q5TDH0,PS50053,1,81,0,81
Q5THR3,PS50222,70,105,0,36
Q5THR3,PS50222,172,207,0,36
Q5THR3,PS50222,297,332,0,36
Q5THR3,PS50222,403,438,0,36
Q5THR3,PS50222,439,474,0,36
Q5THR3,PS50222,504,539,0,36
Q5THR3,PS50222,634,669,0,36
Q5THR3,PS50222,741,776,0,36
Q5THR3,PS00018,754,766,,13
Q5THR3,PS50222,847,882,0,36
Q5THR3,PS50222,883,918,0,36
Q5THR3,PS50222,964,999,0,36
Q5THR3,PS50222,1069,1104,0,36
Q5THR3,PS50222,1176,1211,0,36
Q5THR3,PS50222,1212,1247,0,36
Q5THR3,PS50222,1359,1394,0,36
Q5THR3,PS50222,1439,1469,0,31
Q5THR3,PS50222,1470,1501,0,32
Q5TZF3,PS50088,76,108,0,33
Q5TZF3,PS50297,76,174,0,99
Q5TZF3,PS50088,109,141,0,33
Q5UIP0,PS00211,1692,1706,,15
Q5VST9,PS50835,10,100,0,91
Q5VST9,PS50835,110,202,0,93
Q5VST9,PS50835,236,322,0,87
Q5VST9,PS50835,331,414,0,84
Q5VST9,PS50853,515,612,0,98
Q5VST9,PS50835,701,790,0,90
Q5VST9,PS50835,812,884,0,73
Q5VST9,PS50835,886,964,0,79
Q5VST9,PS50835,978,1066,0,89
Q5VST9,PS50835,1070,1148,0,79
Q5VST9,PS50835,1162,1252,0,91
Q5VST9,PS50835,1254,1332,0,79
Q5VST9,PS50835,1346,1432,0,87
Q5VST9,PS50835,1438,1524,0,87
Q5VST9,PS50835,1530,1608,0,79
Q5VST9,PS50835,1622,1719,0,98
Q5VST9,PS50835,1723,1808,0,86
Q5VST9,PS50835,1823,1894,0,72
Q5VST9,PS50835,1896,1982,0,87
Q5VST9,PS50835,1987,2071,0,85
Q5VST9,PS50835,2165,2249,0,85
Q5VST9,PS50835,2289,2380,0,92
Q5VST9,PS50835,2468,2559,0,92
Q5VST9,PS50835,2646,2730,0,85
Q5VST9,PS50835,2826,2908,0,83
Q5VST9,PS50835,2920,2999,0,80
Q5VST9,PS50835,3095,3169,0,75
Q5VST9,PS50835,3184,3268,0,85
Q5VST9,PS50835,3273,3356,0,84
Q5VST9,PS50835,3359,3444,0,86
Q5VST9,PS50835,3449,3532,0,84
Q5VST9,PS50835,3537,3620,0,84
Q5VST9,PS50835,3625,3708,0,84
Q5VST9,PS50835,3713,3796,0,84
Q5VST9,PS50835,3801,3884,0,84
Q5VST9,PS50835,3890,3973,0,84
Q5VST9,PS50835,3978,4062,0,85
Q5VST9,PS50835,4068,4160,0,93
Q5VST9,PS50835,4248,4337,0,90
Q5VST9,PS50853,4525,4619,0,95
Q5VST9,PS50835,4624,4714,0,91
Q5VST9,PS50096,4872,4901,0,30
Q5VST9,PS50835,4898,4989,0,92
Q5VST9,PS50835,5126,5215,0,90
Q5VST9,PS50835,5260,5349,0,90
Q5VST9,PS50835,5371,5467,0,97
Q5VST9,PS50002,5600,5667,0,68
Q5VST9,PS50010,5693,5877,0,185
Q5VST9,PS50003,5895,6004,1,110
Q5VST9,PS50835,6014,6097,0,84
Q5VST9,PS50835,6108,6200,0,93
Q5VST9,PS50835,6357,6445,0,89
Q5VST9,PS00659,6445,6454,,10
Q5VST9,PS50011,6468,6721,0,254
Q5VST9,PS00107,6474,6497,,24
Q5VST9,PS00108,6583,6595,,13
Q5VST9,PS50835,7463,7552,0,90
Q5VST9,PS50853,7557,7649,0,93
Q5VST9,PS50011,7672,7924,0,253
Q5VST9,PS00109,7787,7799,,13
Q5VT06,PS00845,2517,2548,,32
Q5VT06,PS50245,2517,2559,0,43
Q5VT66,PS51340,187,335,0,149
Q5VTB9,PS50089,514,553,0,40
Q5VTD9,PS50157,163,191,0,29
Q5VTD9,PS00028,165,186,,22
Q5VTD9,PS50157,192,219,0,28
Q5VTD9,PS00028,194,214,,21
Q5VTD9,PS50157,220,247,0,28
Q5VTD9,PS00028,222,242,,21
Q5VTD9,PS50157,248,275,0,28
Q5VTD9,PS00028,250,270,,21
Q5VTD9,PS50157,276,303,0,28
Q5VTD9,PS00028,278,298,,21
Q5VTD9,PS50157,304,330,0,27
Q5VTD9,PS00028,306,327,,22
Q5VUA4,PS00028,1068,1090,,23
Q5VUA4,PS00028,1138,1160,,23
Q5VV67,PS50102,1543,1619,0,77
Q5VVJ2,PS51293,116,167,0,52
Q5VVJ2,PS50934,372,470,0,99
Q5VVJ2,PS50249,577,709,0,133
Q5VVQ6,PS50802,149,274,0,126
Q5VVQ6,PS00028,320,342,,23
Q5VWG9,PS50016,865,915,0,51
Q5VWG9,PS01359,868,912,,45
Q5VYS8,PS00028,246,268,,23
Q5VYS8,PS50158,965,980,0,16
Q5VYS8,PS50158,1347,1361,0,15
Q5VYS8,PS50158,1452,1468,0,17
Q5W0B1,PS50089,18,56,0,39
Q5XKL5,PS50097,58,127,0,70
Q5XKL5,PS50097,206,273,0,68
Q5XKR4,PS50071,102,162,0,61
Q5XKR4,PS00027,137,160,,24
Q5XKR4,PS50803,306,319,0,14
Q5XPI4,PS50188,74,254,0,181
Q5XPI4,PS50089,1254,1292,0,39
Q63ZY3,PS50297,660,828,0,169
Q63ZY3,PS50088,666,691,0,26
Q63ZY3,PS50088,738,770,0,33
Q676U5,PS50082,318,351,0,34
Q676U5,PS50294,318,607,0,290
Q676U5,PS00678,337,351,,15
Q676U5,PS50082,362,403,0,42
Q676U5,PS50082,404,445,0,42
Q676U5,PS00678,423,437,,15
Q676U5,PS00678,462,476,,15
Q676U5,PS50082,462,484,0,23
Q676U5,PS50082,540,571,0,32
Q676U5,PS50082,573,607,0,35
Q68CZ1,PS50004,577,713,0,137
Q68CZ1,PS50004,773,897,0,125
Q68CZ2,PS51181,1,170,0,170
Q68CZ2,PS50056,103,159,0,57
Q68CZ2,PS51182,175,301,0,127
Q68CZ2,PS50001,1172,1282,0,111
Q68DK7,PS52052,472,591,0,120
Q68EM7,PS51021,14,246,0,233
Q68EM7,PS50238,252,442,0,191
Q68EM7,PS00178,784,794,,11
Q6AI12,PS50297,9,86,0,78
Q6AI12,PS50088,43,75,0,33
Q6B0I6,PS51183,18,60,0,43
Q6B0I6,PS51184,146,312,0,167
Q6BAA4,PS50835,23,101,0,79
Q6DKK2,PS50293,279,351,0,73
Q6DN90,PS50096,134,163,0,30
Q6DN90,PS50190,517,710,0,194
Q6EMB2,PS51221,62,407,0,346
Q6IA86,PS50082,54,100,0,47
Q6IA86,PS50294,54,425,0,372
Q6IA86,PS50082,203,238,0,36
Q6IA86,PS50082,384,415,0,32
Q6IA86,PS50294,563,696,0,134
Q6IA86,PS50082,610,642,0,33
Q6IA86,PS50082,665,696,0,32
Q6ICB0,PS51858,7,149,0,143
Q6IEG0,PS51800,55,82,0,28
Q6IQ55,PS50011,21,284,0,264
Q6IQ55,PS00107,27,50,,24
Q6IV72,PS50805,9,80,0,72
Q6IV72,PS50157,190,217,0,28
Q6IV72,PS00028,192,212,,21
Q6IV72,PS50157,246,273,0,28
Q6IV72,PS00028,248,268,,21
Q6IV72,PS50157,274,301,0,28
Q6IV72,PS00028,276,296,,21
Q6IV72,PS50157,302,329,0,28
Q6IV72,PS00028,303,324,,22
Q6IV72,PS50157,330,357,0,28
Q6IV72,PS00028,332,352,,21
Q6IV72,PS50157,358,385,0,28
Q6IV72,PS00028,360,380,,21
Q6IV72,PS50157,386,413,0,28
Q6IV72,PS00028,388,408,,21
Q6IV72,PS50157,414,441,0,28
Q6IV72,PS00028,416,436,,21
Q6IV72,PS50157,442,469,0,28
Q6IV72,PS00028,444,464,,21
Q6IV72,PS50157,470,497,0,28
Q6IV72,PS00028,472,492,,21
Q6IV72,PS50157,498,525,0,28
Q6IV72,PS00028,500,520,,21
Q6IV72,PS50157,526,553,0,28
Q6IV72,PS00028,528,548,,21
Q6IV72,PS50157,554,581,0,28
Q6IV72,PS00028,556,576,,21
Q6IV72,PS50157,582,609,0,28
Q6IV72,PS00028,584,604,,21
Q6IV72,PS50157,610,637,0,28
Q6IV72,PS00028,612,632,,21
Q6IV72,PS50157,638,665,0,28
Q6IV72,PS00028,640,660,,21
Q6IV72,PS50157,666,693,0,28
Q6IV72,PS00028,668,688,,21
Q6IV72,PS50157,694,721,0,28
Q6IV72,PS00028,696,716,,21
Q6IV72,PS50157,722,749,0,28
Q6IV72,PS00028,724,744,,21
Q6L9W6,PS51820,117,278,0,162
Q6NS38,PS51471,152,257,0,106
Q6NT16,PS50850,36,435,0,400
Q6NT76,PS51937,18,49,0,32
Q6NT76,PS51936,145,241,0,97
Q6NT76,PS50071,265,340,0,76
Q6NTF7,PS51747,4,126,0,123
Q6NTF7,PS00903,54,92,,39
Q6NUP7,PS50077,213,250,0,38
Q6NUP7,PS50077,252,290,0,39
Q6NXT1,PS50297,109,216,0,108
Q6NXT1,PS50088,142,174,0,33
Q6NXT1,PS50088,175,207,0,33
Q6NYC1,PS51184,141,305,0,165
Q6NZ36,PS51906,144,180,0,37
Q6NZY4,PS50158,229,243,0,15
Q6P0Q8,PS50011,512,785,0,274
Q6P0Q8,PS00108,631,643,,13
Q6P0Q8,PS51285,786,854,0,69
Q6P0Q8,PS50106,1104,1192,0,89
Q6P1M3,PS50082,433,451,0,19
Q6P1M3,PS00678,438,452,,15
Q6P1Q0,PS51758,186,360,0,175
Q6P2E9,PS50082,293,326,0,34
Q6P2E9,PS50294,293,334,0,42
Q6P2P2,PS50005,67,100,0,34
Q6P2P2,PS50293,67,134,0,68
Q6P2P2,PS50005,101,134,0,34
Q6P2P2,PS51678,137,466,0,330
Q6P2P2,PS51678,530,845,0,316
Q6P2Q9,PS50249,2103,2234,0,132
Q6P3S1,PS50211,14,395,0,382
Q6P3W2,PS50076,11,82,0,72
Q6P3W2,PS51074,93,148,0,56
Q6P3W7,PS50011,32,327,0,296
Q6P4F7,PS50238,49,239,0,191
Q6P4R8,PS51916,39,156,0,118
Q6P9B6,PS51886,244,412,0,169
Q6P9H4,PS50105,7,72,0,66
Q6P9H4,PS51290,80,174,0,95
Q6P9H4,PS50106,211,293,0,83
Q6PCD5,PS50089,287,331,0,45
Q6PGP7,PS50293,1,73,0,73
Q6PGP7,PS50005,40,73,0,34
Q6PGP7,PS50005,272,305,0,34
Q6PGP7,PS50293,272,665,0,394
Q6PGP7,PS50005,306,339,0,34
Q6PGP7,PS50005,386,419,0,34
Q6PGP7,PS50005,420,453,0,34
Q6PGP7,PS50005,564,597,0,34
Q6PGP7,PS50005,598,631,0,34
Q6PGP7,PS50005,632,665,0,34
Q6PGP7,PS50293,790,894,0,105
Q6PGP7,PS50005,861,894,0,34
Q6PGP7,PS50005,980,1013,0,34
Q6PGP7,PS50005,1051,1084,0,34
Q6PGP7,PS50293,1051,1084,0,34
Q6PGP7,PS50005,1400,1433,0,34
Q6PGP7,PS50293,1400,1433,0,34
Q6PHR2,PS50011,14,270,0,257
Q6PHR2,PS00107,20,49,,30
Q6PHR2,PS00108,133,145,,13
Q6PI26,PS51203,1,89,0,89
Q6PI48,PS50862,187,618,0,432
Q6PJ69,PS50089,12,51,0,40
Q6PJ69,PS00518,27,36,,10
Q6PJ69,PS50119,90,137,0,48
Q6PJ69,PS50188,313,506,0,194
Q6PJI9,PS50082,101,143,0,43
Q6PJI9,PS50294,101,324,0,224
Q6PJI9,PS00678,121,135,,15
Q6PJI9,PS50082,187,229,0,43
Q6PJI9,PS50908,393,494,0,102
Q6PJI9,PS01248,902,938,,37
Q6PJP8,PS51908,119,149,0,31
Q6PJT7,PS50103,595,620,0,26
Q6PJT7,PS50103,621,641,0,21
Q6PJT7,PS50103,687,719,0,33
Q6Q0C0,PS50089,131,165,0,35
Q6Q0C0,PS00518,146,155,,10
Q6Q0C0,PS50145,222,292,0,71
Q6Q0C0,PS50082,392,424,0,33
Q6Q0C0,PS50294,392,670,0,279
Q6Q0C0,PS00678,411,425,,15
Q6Q0C0,PS50082,435,474,0,40
Q6Q0C0,PS00678,452,466,,15
Q6Q0C0,PS50082,555,594,0,40
Q6Q0C0,PS50082,595,638,0,44
Q6Q0C0,PS50082,639,670,0,32
Q6QNK2,PS51828,79,276,0,198
Q6QNK2,PS50221,371,557,0,187
Q6QNK2,PS50261,566,810,0,245
Q6QNK2,PS00650,798,813,,16
Q6SZW1,PS50105,412,476,0,65
Q6SZW1,PS50105,486,548,0,63
Q6SZW1,PS50104,560,703,0,144
Q6U7Q0,PS50157,43,70,0,28
Q6U7Q0,PS50157,71,98,0,28
Q6U7Q0,PS00028,73,93,,21
Q6U7Q0,PS50157,99,126,0,28
Q6U7Q0,PS00028,101,121,,21
Q6U7Q0,PS50157,127,154,0,28
Q6U7Q0,PS00028,129,149,,21
Q6U7Q0,PS50157,155,182,0,28
Q6U7Q0,PS00028,157,177,,21
Q6U7Q0,PS50157,183,210,0,28
Q6U7Q0,PS00028,185,205,,21
Q6U7Q0,PS50157,211,238,0,28
Q6U7Q0,PS00028,213,233,,21
Q6U7Q0,PS50157,239,266,0,28
Q6U7Q0,PS00028,241,261,,21
Q6U7Q0,PS50157,267,290,0,24
Q6U7Q0,PS00028,269,291,,23
Q6U7Q0,PS50157,293,320,0,28
Q6U7Q0,PS50157,351,378,0,28
Q6UB98,PS50297,178,291,0,114
Q6UB98,PS50088,184,216,0,33
Q6UB98,PS50088,217,249,0,33
Q6UB98,PS50088,250,282,0,33
Q6UB99,PS50297,161,274,0,114
Q6UB99,PS50088,167,199,0,33
Q6UB99,PS50088,200,232,0,33
Q6UB99,PS50088,233,265,0,33
Q6ULP2,PS00018,290,302,,13
Q6UWE0,PS51450,82,103,0,22
Q6UWE0,PS51450,105,127,0,23
Q6UWE0,PS51450,128,149,0,22
Q6UWE0,PS51450,151,172,0,22
Q6UWE0,PS50105,578,632,0,55
Q6UWE0,PS50089,675,710,0,36
Q6UXZ0,PS50835,23,114,0,92
Q6UXZ0,PS50835,122,207,0,86
Q6VMQ6,PS50853,1160,1270,0,111
Q6VN20,PS50188,35,222,0,188
Q6VN20,PS50896,253,285,0,33
Q6VN20,PS50897,291,348,0,58
Q6W2J9,PS50297,1462,1567,0,106
Q6W2J9,PS50088,1496,1528,0,33
Q6W2J9,PS50088,1529,1561,0,33
Q6WKZ4,PS50004,1,126,0,126
Q6WKZ4,PS51511,1211,1273,0,63
Q6XZF7,PS50002,2,61,0,60
Q6XZF7,PS50002,66,126,0,61
Q6XZF7,PS50002,145,204,0,60
Q6XZF7,PS50002,243,302,0,60
Q6XZF7,PS50010,784,967,0,184
Q6XZF7,PS00741,915,940,,26
Q6XZF7,PS51021,1008,1217,0,210
Q6XZF7,PS50002,1285,1348,0,64
Q6XZF7,PS50002,1513,1576,0,64
Q6YHK3,PS00477,918,926,,9
Q6YN16,PS00061,155,183,,29
Q6ZMI3,PS51132,299,546,0,248
Q6ZMU5,PS50089,14,57,0,44
Q6ZMU5,PS00518,29,38,,10
Q6ZMU5,PS50119,81,122,0,42
Q6ZMU5,PS50188,271,475,0,205
Q6ZMZ3,PS51049,917,975,0,59
Q6ZN17,PS51857,29,101,0,73
Q6ZN17,PS50158,128,142,0,15
Q6ZN18,PS50157,261,291,0,31
Q6ZN18,PS00028,263,286,,24
Q6ZN18,PS50157,328,357,0,30
Q6ZN18,PS00028,330,352,,23
Q6ZNA4,PS50089,942,983,0,42
Q6ZNL6,PS50010,892,1084,0,193
Q6ZNL6,PS50003,1113,1207,1,95
Q6ZNL6,PS00615,1248,1272,,25
Q6ZNL6,PS50178,1248,1301,0,54
Q6ZNL6,PS50003,1363,1461,1,99
Q6ZRF8,PS50089,25,64,0,40
Q6ZRF8,PS00518,40,49,,10
Q6ZRF8,PS50119,93,145,0,53
Q6ZRS2,PS51204,124,196,0,73
Q6ZRS2,PS51192,630,795,0,166
Q6ZRS2,PS51194,2044,2197,0,154
Q6ZSB9,PS50097,25,91,0,67
Q6ZSB9,PS50157,395,422,0,28
Q6ZSB9,PS00028,397,417,,21
Q6ZSB9,PS50157,423,450,0,28
Q6ZSB9,PS00028,425,445,,21
Q6ZSB9,PS50157,451,478,0,28
Q6ZSB9,PS00028,453,473,,21
Q6ZSB9,PS50157,479,506,0,28
Q6ZSB9,PS00028,481,501,,21
Q6ZSB9,PS50157,507,534,0,28
Q6ZSB9,PS00028,509,529,,21
Q6ZSB9,PS50157,535,562,0,28
Q6ZSB9,PS00028,537,557,,21
Q6ZSB9,PS50157,563,585,0,23
Q6ZSB9,PS00028,565,585,,21
Q6ZSZ5,PS50157,310,339,0,30
Q6ZSZ5,PS50010,447,644,0,198
Q6ZSZ5,PS50003,684,786,1,103
Q6ZVX7,PS51114,95,273,0,179
Q6ZW49,PS50172,8,93,0,86
Q6ZW49,PS50172,94,183,0,90
Q6ZW49,PS50172,601,694,0,94
Q6ZW49,PS50172,711,772,0,62
Q6ZW49,PS50172,866,947,0,82
Q70E73,PS50200,269,355,0,87
Q70E73,PS50003,396,505,1,110
Q70EL2,PS50271,36,153,0,118
Q70EL2,PS50235,190,813,0,624
Q70EL2,PS00972,191,206,,16
Q70EL2,PS00973,730,747,,18
Q71RC2,PS50961,113,202,0,90
Q75N03,PS50089,109,149,0,41
Q75N03,PS00518,125,134,,10
Q76EJ3,PS00107,60,93,,34
Q76FK4,PS50102,8,89,0,82
Q76MJ5,PS50011,520,781,0,262
Q76MJ5,PS00108,633,645,,13
Q76MJ5,PS51392,784,912,0,129
Q76N89,PS50004,182,318,0,137
Q76N89,PS50020,829,862,0,34
Q76N89,PS01159,835,860,,26
Q76N89,PS50020,1018,1051,0,34
Q76N89,PS01159,1024,1049,,26
Q76N89,PS50237,1271,1606,0,336
Q7KZF4,PS50830,18,166,0,149
Q7KZF4,PS01284,103,113,,11
Q7KZF4,PS50830,193,328,0,136
Q7KZF4,PS50830,341,496,0,156
Q7KZF4,PS50830,525,660,0,136
Q7KZF4,PS50304,729,787,0,59
Q7L099,PS50826,95,227,0,133
Q7L0Y3,PS51675,191,383,0,193
Q7L2E3,PS51192,444,612,0,169
Q7L2E3,PS00690,554,563,,10
Q7L2E3,PS51194,654,827,0,174
Q7L2H7,PS50250,180,339,0,160
Q7L2J0,PS51515,431,686,0,256
Q7L5N1,PS50249,41,174,0,134
Q7L5N7,PS50222,391,426,0,36
Q7L5N7,PS00018,404,416,,13
Q7L5N7,PS50222,428,463,0,36
Q7L5N7,PS00018,441,453,,13
Q7L5Y9,PS50896,121,153,0,33
Q7L5Y9,PS50897,159,216,0,58
Q7L5Y9,PS51867,314,381,0,68
Q7L622,PS51805,11,128,0,118
Q7L622,PS01359,81,147,,67
Q7L622,PS50237,529,692,0,164
Q7L7X3,PS50011,28,281,0,254
Q7L7X3,PS00107,34,58,,25
Q7L7X3,PS00108,147,159,,13
Q7LFL8,PS51058,256,297,0,42
Q7RTN6,PS50011,69,379,0,311
Q7RTP6,PS50021,518,624,0,107
Q7RTP6,PS50023,762,824,0,63
Q7RTP6,PS00478,764,798,,35
Q7RTP6,PS51848,1841,1990,0,150
Q7RTR2,PS00213,75,87,,13
Q7RTR2,PS50837,139,271,0,133
Q7RTV3,PS50157,167,194,0,28
Q7RTV3,PS00028,169,189,,21
Q7RTV3,PS50157,195,224,0,30
Q7RTV3,PS00028,197,219,,23
Q7RTY0,PS50850,13,402,0,390
Q7RTY1,PS50850,15,486,0,472
Q7Z2E3,PS51084,182,287,0,106
Q7Z2E3,PS00892,261,279,,19
Q7Z2E3,PS00028,333,353,,21
Q7Z2T5,PS50157,184,211,0,28
Q7Z2T5,PS00028,186,206,,21
Q7Z2T5,PS51626,227,688,0,462
Q7Z2W4,PS50103,76,113,0,38
Q7Z2W4,PS50103,173,194,0,22
Q7Z2W4,PS50103,508,534,0,27
Q7Z2W4,PS50918,594,681,0,88
Q7Z2W4,PS51059,716,902,0,187
Q7Z3B3,PS52052,884,1035,0,152
Q7Z3K3,PS50157,494,521,0,28
Q7Z3K3,PS00028,496,516,,21
Q7Z3K3,PS50157,530,558,0,29
Q7Z3K3,PS00028,532,553,,22
Q7Z3K3,PS00028,562,583,,22
Q7Z3K3,PS00028,621,641,,21
Q7Z3K3,PS00028,649,670,,22
Q7Z3K3,PS51253,1015,1085,0,71
Q7Z3T8,PS50178,747,805,0,59
Q7Z4G1,PS51269,18,85,0,68
Q7Z4I7,PS50023,13,74,0,62
Q7Z4I7,PS00478,15,50,,36
Q7Z4I7,PS00478,76,109,,34
Q7Z4I7,PS50023,76,133,0,58
Q7Z4I7,PS50023,138,195,0,58
Q7Z4I7,PS00478,140,173,,34
Q7Z4I7,PS50023,196,255,0,60
Q7Z4I7,PS00478,198,231,,34
Q7Z4I7,PS50023,256,315,0,60
Q7Z4V0,PS50157,507,534,0,28
Q7Z4V0,PS00028,509,529,,21
Q7Z4V0,PS50157,535,562,0,28
Q7Z4V0,PS00028,537,558,,22
Q7Z4V0,PS00028,568,590,,23
Q7Z4V0,PS50157,776,804,0,29
Q7Z4V0,PS00028,778,799,,22
Q7Z4V5,PS50812,7,64,0,58
Q7Z569,PS50089,264,304,0,41
Q7Z569,PS50271,301,393,0,93
Q7Z589,PS51138,16,100,0,85
Q7Z5K2,PS51271,626,1169,0,544
Q7Z5W3,PS51515,53,274,0,222
Q7Z624,PS51610,1,323,0,323
Q7Z628,PS50010,174,356,0,183
Q7Z628,PS00741,304,329,,26
Q7Z628,PS50003,386,501,1,116
Q7Z699,PS50229,6,123,0,118
Q7Z699,PS51488,233,285,0,53
Q7Z699,PS51227,334,442,0,109
Q7Z6I6,PS50238,20,215,0,196
Q7Z6K1,PS50950,1,84,0,84
Q7Z6Z7,PS50030,1316,1355,0,40
Q7Z6Z7,PS50918,1603,1680,0,78
Q7Z6Z7,PS50237,4038,4374,0,337
Q7Z713,PS50297,13,116,0,104
Q7Z713,PS50088,63,95,0,33
Q7Z7A1,PS51450,126,147,0,22
Q7Z7A1,PS51450,148,169,0,22
Q7Z7A1,PS51450,170,191,0,22
Q7Z7A1,PS51450,194,215,0,22
Q7Z7A1,PS51450,219,240,0,22
Q7Z7A4,PS50195,14,126,0,113
Q7Z7A4,PS50011,88,481,0,394
Q7Z7A4,PS51082,548,567,0,20
Q7Z7J5,PS50800,92,126,0,35
Q7Z7K6,PS51891,148,260,0,113
Q86SE9,PS50089,18,56,0,39
Q86SE9,PS00518,34,43,,10
Q86SG6,PS50011,4,258,0,255
Q86SG6,PS00107,10,33,,24
Q86SG6,PS00108,124,136,,13
Q86SG6,PS50012,312,350,0,39
Q86SG6,PS50012,410,461,0,52
Q86SG6,PS50012,462,513,0,52
Q86SG6,PS50012,580,631,0,52
Q86SG6,PS50012,632,684,0,53
Q86SK9,PS00476,268,282,,15
Q86SQ0,PS50003,1143,1246,1,104
Q86SX6,PS51354,42,145,0,104
Q86T24,PS50097,32,94,0,63
Q86T24,PS50157,494,521,0,28
Q86T24,PS00028,496,516,,21
Q86T24,PS50157,522,549,0,28
Q86T24,PS00028,524,544,,21
Q86T24,PS50157,550,578,0,29
Q86T24,PS00028,552,573,,22
Q86TC9,PS50835,269,359,0,91
Q86TC9,PS50835,435,531,0,97
Q86TC9,PS50835,945,1029,0,85
Q86TC9,PS50835,1073,1162,0,90
Q86TC9,PS50835,1172,1262,0,91
Q86TC9,PS00014,1317,1320,,4
Q86TM3,PS50084,48,109,0,62
Q86TM3,PS51195,222,250,0,29
Q86TM3,PS51192,253,428,0,176
Q86TM3,PS00039,374,382,,9
Q86TM3,PS51194,440,601,0,162
Q86TM6,PS50089,291,330,0,40
Q86TU7,PS51565,20,507,0,488
Q86TU7,PS50280,94,314,0,221
Q86TV6,PS50293,363,582,0,220
Q86TV6,PS50005,397,430,0,34
Q86TV6,PS50005,515,548,0,34
Q86TV6,PS50005,549,582,0,34
Q86TV6,PS50005,696,729,0,34
Q86TV6,PS50293,696,831,0,136
Q86TV6,PS50005,730,763,0,34
Q86TV6,PS50005,764,797,0,34
Q86TV6,PS50005,798,831,0,34
Q86U42,PS50102,172,249,0,78
Q86U44,PS51563,1,580,0,580
Q86U44,PS51143,351,570,0,220
Q86U90,PS51163,67,257,0,191
Q86UE8,PS50011,462,741,0,280
Q86UE8,PS00107,468,491,,24
Q86UE8,PS00108,588,600,,13
Q86UK0,PS50893,1346,1577,0,232
Q86UK0,PS00211,1479,1493,,15
Q86UK0,PS50893,2254,2489,0,236
Q86UN2,PS51450,77,98,0,22
Q86UN2,PS51450,101,123,0,23
Q86UN2,PS51450,150,171,0,22
Q86UN2,PS51450,174,195,0,22
Q86UN2,PS51450,198,219,0,22
Q86UN2,PS51450,222,243,0,22
Q86UQ0,PS50805,35,108,0,74
Q86UQ0,PS50157,248,275,0,28
Q86UQ0,PS00028,250,270,,21
Q86UQ0,PS50157,276,303,0,28
Q86UQ0,PS00028,278,298,,21
Q86UQ0,PS50157,304,331,0,28
Q86UQ0,PS00028,306,326,,21
Q86UQ0,PS50157,332,359,0,28
Q86UQ0,PS00028,334,354,,21
Q86UT6,PS50837,160,294,0,135
Q86UU0,PS00578,727,738,,12
Q86UU1,PS50003,1256,1370,1,115
Q86UV5,PS50235,89,421,0,333
Q86UV5,PS00973,336,354,,19
Q86UV5,PS51283,460,554,0,95
Q86UV5,PS51283,569,691,0,123
Q86UV5,PS51283,711,824,0,114
Q86UV5,PS50053,929,1002,0,74
Q86UX6,PS50011,93,353,0,261
Q86UX6,PS00107,99,122,,24
Q86UX6,PS00108,212,224,,13
Q86UY6,PS51186,63,216,0,154
Q86V15,PS50157,551,580,0,30
Q86V15,PS00028,553,575,,23
Q86V15,PS00028,612,634,,23
Q86V15,PS50157,668,697,0,30
Q86V15,PS00028,670,692,,23
Q86V15,PS00028,1033,1055,,23
Q86V15,PS00028,1184,1206,,23
Q86V15,PS00028,1302,1324,,23
Q86V15,PS50157,1457,1481,0,25
Q86V15,PS00028,1459,1481,,23
Q86V15,PS00028,1517,1537,,21
Q86V15,PS00028,1573,1595,,23
Q86VB7,PS50287,51,152,0,102
Q86VB7,PS00420,56,93,,38
Q86VB7,PS50287,159,259,0,101
Q86VB7,PS50287,266,366,0,101
Q86VB7,PS00420,271,308,,38
Q86VB7,PS50287,373,473,0,101
Q86VB7,PS50287,478,578,0,101
Q86VB7,PS50287,583,683,0,101
Q86VB7,PS50287,719,819,0,101
Q86VB7,PS00420,724,761,,38
Q86VB7,PS50287,824,926,0,103
Q86VB7,PS50287,929,1029,0,101
Q86VB7,PS00420,934,971,,38
Q86VD7,PS50920,31,117,0,87
Q86VD7,PS00058,123,129,,7
Q86VD7,PS50920,129,214,0,86
Q86VD7,PS50920,224,312,0,89
Q86VE9,PS00197,14,22,,9
Q86VK4,PS50157,219,248,0,30
Q86VK4,PS00028,221,243,,23
Q86VK4,PS50157,249,278,0,30
Q86VK4,PS00028,251,273,,23
Q86VK4,PS50157,279,308,0,30
Q86VK4,PS00028,281,303,,23
Q86VK4,PS50157,309,338,0,30
Q86VK4,PS00028,311,333,,23
Q86VK4,PS50157,339,361,0,23
Q86VK4,PS00028,341,362,,22
Q86VN1,PS51495,1,138,0,138
Q86VP1,PS51905,727,753,0,27
Q86VP1,PS51905,754,780,0,27
Q86VW1,PS50850,106,529,0,424
Q86VZ6,PS00028,14,37,,24
Q86VZ6,PS00028,175,198,,24
Q86W26,PS50824,3,96,0,94
Q86W26,PS50837,167,361,0,195
Q86W42,PS50294,122,205,0,84
Q86W42,PS50082,164,205,0,42
Q86W42,PS00678,183,197,,15
Q86W74,PS50088,11,43,0,33
Q86W74,PS50297,11,128,0,118
Q86W74,PS50088,44,76,0,33
Q86WA9,PS01130,77,98,,22
Q86WA9,PS50801,480,564,0,85
Q86WH2,PS50200,79,187,0,109
Q86WH2,PS50951,187,234,0,48
Q86WI3,PS50837,222,349,0,128
Q86WI3,PS51450,771,791,0,21
Q86WI3,PS51450,871,891,0,21
Q86WI3,PS51450,1033,1053,0,21
Q86WI3,PS51450,1244,1264,0,21
Q86WI3,PS51450,1274,1293,0,20
Q86WI3,PS51450,1464,1485,0,22
Q86WI3,PS51450,1523,1544,0,22
Q86WI3,PS51450,1551,1571,0,21
Q86WI3,PS51450,1579,1600,0,22
Q86WI3,PS51450,1607,1627,0,21
Q86WI3,PS51450,1635,1656,0,22
Q86WI3,PS51450,1663,1684,0,22
Q86WI3,PS51450,1797,1818,0,22
Q86WJ1,PS51192,58,223,0,166
Q86WJ1,PS00690,169,178,,10
Q86WJ1,PS51194,351,513,0,163
Q86WJ1,PS51154,704,897,0,194
Q86X55,PS51678,146,453,0,308
Q86X83,PS51269,123,190,0,68
Q86XK2,PS50181,153,199,0,47
Q86XK2,PS51157,833,904,0,72
Q86XL3,PS50954,69,113,0,45
Q86XP3,PS51195,253,281,0,29
Q86XP3,PS51192,284,459,0,176
Q86XP3,PS00039,405,413,,9
Q86XP3,PS51194,487,632,0,146
Q86Y07,PS50011,29,319,0,291
Q86Y07,PS00108,162,174,,13
Q86Y56,PS50077,744,782,0,39
Q86YA3,PS51999,1349,1391,0,43
Q86YD1,PS00178,71,81,,11
Q86YD5,PS50068,28,65,0,38
Q86YD5,PS01209,42,64,,23
Q86YD5,PS50068,70,107,0,38
Q86YD5,PS01209,84,106,,23
Q86YD5,PS50068,112,148,0,37
Q86YD5,PS01209,125,147,,23
Q86YF9,PS50157,198,226,0,29
Q86YF9,PS00028,200,221,,22
Q86YN6,PS50102,902,967,0,66
Q86YS3,PS50222,49,84,0,36
Q86YS3,PS51511,574,636,0,63
Q86YS7,PS50004,1,109,0,109
Q86YT9,PS50835,11,132,0,122
Q86YT9,PS50835,137,236,0,100
Q8IU60,PS51462,95,226,0,132
Q8IU60,PS00893,129,150,,22
Q8IUD2,PS51511,1046,1108,0,63
Q8IUF8,PS51184,139,271,0,133
Q8IUH3,PS50102,26,106,0,81
Q8IUH3,PS50102,121,195,0,75
Q8IUH3,PS50102,392,464,0,73
Q8IUI8,PS50853,181,274,0,94
Q8IUR6,PS00036,527,541,,15
Q8IUR7,PS50176,61,97,0,37
Q8IV08,PS50035,196,223,0,28
Q8IV08,PS50035,411,437,0,27
Q8IV45,PS51145,102,237,0,136
Q8IV45,PS50017,415,494,0,80
Q8IV53,PS50211,13,398,0,386
Q8IV63,PS50011,166,457,0,292
Q8IVI9,PS51741,1,260,0,260
Q8IVI9,PS51860,292,372,0,81
Q8IVI9,PS50002,438,497,0,60
Q8IVS2,PS00211,152,166,,15
Q8IVU3,PS00626,28,38,,11
Q8IVU3,PS50012,42,93,0,52
Q8IVU3,PS00626,80,90,,11
Q8IVU3,PS50012,94,146,0,53
Q8IVU3,PS00626,133,143,,11
Q8IVU3,PS50012,147,199,0,53
Q8IVU3,PS50012,200,254,0,55
Q8IVU3,PS50012,255,305,0,51
Q8IVU3,PS50237,693,1014,0,322
Q8IVW6,PS51011,215,307,0,93
Q8IVW6,PS51486,419,517,0,99
Q8IW35,PS51450,37,58,0,22
Q8IW35,PS51450,59,80,0,22
Q8IW35,PS51450,81,102,0,22
Q8IW35,PS51450,103,124,0,22
Q8IW35,PS51450,125,146,0,22
Q8IW35,PS51450,147,168,0,22
Q8IW35,PS51450,171,192,0,22
Q8IW35,PS50096,558,587,0,30
Q8IWA0,PS50082,53,95,0,43
Q8IWA0,PS50294,53,95,0,43
Q8IWA0,PS50294,199,371,0,173
Q8IWE4,PS51229,86,278,0,193
Q8IWS0,PS51805,14,132,0,119
Q8IWS0,PS51805,209,330,0,122
Q8IWT3,PS51284,1143,1322,0,180
Q8IWT3,PS00086,1237,1246,,10
Q8IWT3,PS50069,1544,1812,0,269
Q8IWT3,PS01256,1926,1953,,28
Q8IWT3,PS51873,2066,2283,0,218
Q8IWT3,PS50089,2236,2279,0,44
Q8IWT3,PS00518,2257,2266,,10
Q8IWU2,PS50011,137,407,0,271
Q8IWU2,PS00107,143,168,,26
Q8IWU2,PS00109,261,273,,13
Q8IX12,PS50800,636,670,0,35
Q8IX15,PS50071,70,109,0,40
Q8IX15,PS50071,354,414,0,61
Q8IX30,PS01187,29,55,,27
Q8IX30,PS50026,29,69,0,41
Q8IX30,PS00010,46,57,,12
Q8IX30,PS01186,55,68,,14
Q8IX30,PS01187,70,95,,26
Q8IX30,PS50026,70,111,0,42
Q8IX30,PS00010,86,97,,12
Q8IX30,PS01186,95,110,,16
Q8IX30,PS01187,112,136,,25
Q8IX30,PS50026,112,148,0,37
Q8IX30,PS00010,127,138,,12
Q8IX30,PS01186,136,151,,16
Q8IX30,PS01186,182,197,,16
Q8IX30,PS01186,260,275,,16
Q8IX30,PS01187,277,301,,25
Q8IX30,PS50026,277,317,0,41
Q8IX30,PS00010,292,303,,12
Q8IX30,PS01186,301,316,,16
Q8IX30,PS01187,318,341,,24
Q8IX30,PS50026,318,356,0,39
Q8IX30,PS00010,332,343,,12
Q8IX30,PS01186,341,355,,15
Q8IX30,PS01187,357,381,,25
Q8IX30,PS50026,357,398,0,42
Q8IX30,PS00010,372,383,,12
Q8IX30,PS01180,804,916,0,113
Q8IXF0,PS50888,51,104,0,54
Q8IXF0,PS50112,153,217,0,65
Q8IXF0,PS50112,334,389,0,56
Q8IXH8,PS50268,58,165,0,108
Q8IXH8,PS00232,153,163,,11
Q8IXH8,PS50268,166,275,0,110
Q8IXH8,PS50268,276,396,0,121
Q8IXH8,PS50268,397,500,0,104
Q8IXH8,PS00232,488,498,,11
Q8IXI1,PS51423,2,168,0,167
Q8IXI1,PS50222,184,219,0,36
Q8IXI1,PS50222,304,339,0,36
Q8IXI1,PS00018,317,329,,13
Q8IXI1,PS51423,414,576,0,163
Q8IXJ6,PS50305,57,338,0,282
Q8IXK0,PS51024,633,667,0,35
Q8IXK0,PS50105,794,858,0,65
Q8IXL6,PS51257,1,21,0,21
Q8IXP5,PS52003,10,32,0,23
Q8IXQ5,PS50097,44,111,0,68
Q8IXQ6,PS51154,107,296,0,190
Q8IXQ6,PS51154,306,487,0,182
Q8IXQ6,PS51059,628,850,0,223
Q8IXT5,PS50102,155,230,0,76
Q8IXT5,PS50102,284,360,0,77
Q8IXT5,PS50102,400,477,0,78
Q8IXT5,PS50102,925,1001,0,77
Q8IXW5,PS51479,77,160,0,84
Q8IY22,PS00678,110,124,,15
Q8IY37,PS51192,262,429,0,168
Q8IY37,PS51194,459,716,0,258
Q8IY57,PS50199,19,48,0,30
Q8IY57,PS01358,23,42,,20
Q8IY92,PS51908,293,323,0,31
Q8IY92,PS51908,333,361,0,29
Q8IY92,PS50097,691,764,0,74
Q8IYB3,PS51025,27,126,0,100
Q8IYB8,PS51194,353,518,0,166
Q8IYD8,PS51192,98,266,0,169
Q8IYD8,PS51194,452,627,0,176
Q8IYT4,PS50896,25,57,0,33
Q8IYU2,PS50088,64,96,0,33
Q8IYU2,PS50297,64,250,0,187
Q8IYU2,PS50088,97,129,0,33
Q8IYU2,PS50088,130,162,0,33
Q8IYU2,PS50088,163,195,0,33
Q8IYU2,PS50088,196,221,0,26
Q8IYU2,PS50237,574,909,0,336
Q8IYU8,PS50222,172,207,0,36
Q8IYU8,PS50222,236,262,0,27
Q8IYU8,PS50222,313,328,0,16
Q8IYU8,PS50222,362,397,0,36
Q8IYW5,PS50089,16,55,0,40
Q8IYX4,PS50102,58,136,0,79
Q8IYY4,PS50157,166,194,0,29
Q8IYY4,PS00028,168,189,,22
Q8IZD2,PS50016,118,166,0,49
Q8IZD2,PS01359,121,163,,43
Q8IZD2,PS50280,330,447,0,118
Q8IZE3,PS50011,1,245,0,245
Q8IZE3,PS50077,338,375,0,38
Q8IZP9,PS50221,462,619,0,158
Q8IZP9,PS50261,628,883,0,256
Q8IZP9,PS00650,871,886,,16
Q8IZQ1,PS51783,2531,2656,0,126
Q8IZQ1,PS50197,2683,2976,0,294
Q8IZQ1,PS50294,3088,3254,0,167
Q8IZQ1,PS50082,3123,3164,0,42
Q8IZQ1,PS00678,3142,3156,,15
Q8IZQ1,PS50178,3454,3514,0,61
Q8IZT6,PS50021,920,1056,0,137
Q8IZT6,PS50021,1110,1261,0,152
Q8IZT6,PS50096,1347,1374,0,28
Q8IZT6,PS50096,1396,1422,0,27
Q8IZT6,PS50096,1582,1608,0,27
Q8IZT6,PS50096,1632,1661,0,30
Q8IZT6,PS50096,1657,1684,0,28
Q8IZT6,PS50096,1728,1757,0,30
Q8IZT6,PS50096,1751,1778,0,28
Q8IZT6,PS50096,1802,1830,0,29
Q8IZT6,PS50096,1824,1853,0,30
Q8IZT6,PS50096,1874,1903,0,30
Q8IZT6,PS50096,1897,1923,0,27
Q8IZT6,PS50096,1947,1972,0,26
Q8IZT6,PS50096,1970,1996,0,27
Q8IZT6,PS50096,2020,2049,0,30
Q8IZT6,PS50096,2044,2069,0,26
Q8IZT6,PS50096,2093,2121,0,29
Q8IZT6,PS50096,2116,2142,0,27
Q8IZT6,PS50096,2168,2194,0,27
Q8IZT6,PS50096,2189,2218,0,30
Q8IZT6,PS50096,2239,2267,0,29
Q8IZT6,PS50096,2262,2288,0,27
Q8IZT6,PS50096,2312,2339,0,28
Q8IZT6,PS50096,2334,2361,0,28
Q8IZT6,PS50096,2384,2412,0,29
Q8IZT6,PS50096,2407,2434,0,28
Q8IZT6,PS50096,2457,2483,0,27
Q8IZT6,PS50096,2532,2557,0,26
Q8IZT6,PS50096,2624,2653,0,30
Q8IZT6,PS50096,2665,2693,0,29
Q8IZT6,PS50096,2688,2715,0,28
Q8IZT6,PS50096,2739,2767,0,29
Q8IZT6,PS50096,2859,2885,0,27
Q8IZT6,PS50096,2909,2938,0,30
Q8IZT6,PS50096,2932,2960,0,29
Q8IZT6,PS50096,2954,2982,0,29
Q8IZT6,PS50096,3029,3055,0,27
Q8IZT6,PS50096,3080,3107,0,28
Q8IZT6,PS50096,3181,3210,0,30
Q8IZT6,PS50096,3205,3228,0,24
Q8IZW8,PS50001,449,556,0,108
Q8N100,PS50888,40,92,0,53
Q8N122,PS50294,1119,1249,0,131
Q8N157,PS50082,650,682,0,33
Q8N157,PS50294,650,880,0,231
Q8N157,PS50082,693,735,0,43
Q8N157,PS50082,740,772,0,33
Q8N157,PS50082,851,880,0,30
Q8N157,PS50002,1051,1111,0,61
Q8N165,PS50011,8,334,0,327
Q8N165,PS00107,14,38,,25
Q8N165,PS00108,160,172,,13
Q8N196,PS50071,208,259,0,52
Q8N196,PS00027,234,257,,24
Q8N1G0,PS50157,533,551,0,19
Q8N1G0,PS50157,705,732,0,28
Q8N1G0,PS00028,707,727,,21
Q8N1G0,PS50157,764,787,0,24
Q8N1G0,PS00028,766,787,,22
Q8N1G0,PS00028,794,815,,22
Q8N1G0,PS50157,827,854,0,28
Q8N1G0,PS00028,829,849,,21
Q8N1G0,PS50157,858,886,0,29
Q8N1G0,PS00028,860,881,,22
Q8N1G0,PS00028,965,986,,22
Q8N1G0,PS50157,993,1021,0,29
Q8N1G0,PS00028,995,1016,,22
Q8N1G0,PS50157,1135,1163,0,29
Q8N1G0,PS00028,1137,1158,,22
Q8N1G0,PS50157,1200,1222,0,23
Q8N1G0,PS00028,1202,1222,,21
Q8N1G2,PS50174,87,133,0,47
Q8N1G2,PS51613,231,450,0,220
Q8N1G2,PS01159,758,784,,27
Q8N1V2,PS50294,60,195,0,136
Q8N1V2,PS50082,107,142,0,36
Q8N1V2,PS00678,173,187,,15
Q8N1V2,PS50294,328,620,0,293
Q8N1V2,PS50082,413,446,0,34
Q8N1V2,PS50082,457,490,0,34
Q8N1V2,PS00678,476,490,,15
Q8N1V2,PS50082,541,582,0,42
Q8N1V2,PS50082,583,620,0,38
Q8N2I9,PS50011,35,332,0,298
Q8N2I9,PS00108,193,205,,13
Q8N2W9,PS50800,12,46,0,35
Q8N2W9,PS51466,119,279,0,161
Q8N2W9,PS51044,311,392,0,82
Q8N371,PS51184,271,416,0,146
Q8N392,PS50238,324,523,0,200
Q8N3G9,PS50093,177,210,0,34
Q8N3J2,PS51143,241,472,0,232
Q8N3J2,PS00092,284,290,,7
Q8N3J5,PS51746,94,346,0,253
Q8N3J5,PS01032,122,130,,9
Q8N3P4,PS50082,195,236,0,42
Q8N3P4,PS50294,195,236,0,42
Q8N3P4,PS50089,1258,1310,0,53
Q8N3R9,PS51022,120,177,0,58
Q8N3R9,PS51022,179,235,0,57
Q8N3R9,PS50106,256,336,0,81
Q8N3R9,PS50002,345,417,0,73
Q8N3R9,PS50052,479,660,0,182
Q8N3R9,PS00856,514,531,,18
Q8N3Y1,PS50181,113,159,0,47
Q8N3Y1,PS50294,204,318,0,115
Q8N3Y1,PS00678,272,286,,15
Q8N3Y1,PS50294,428,510,0,83
Q8N3Y1,PS50082,471,510,0,40
Q8N3Z6,PS50158,243,257,0,15
Q8N3Z6,PS50158,263,279,0,17
Q8N3Z6,PS50158,350,365,0,16
Q8N427,PS51352,1,119,0,119
Q8N427,PS00194,31,49,,19
Q8N427,PS51374,154,311,0,158
Q8N427,PS51374,316,450,0,135
Q8N427,PS51374,451,588,0,138
Q8N488,PS50199,21,50,0,30
Q8N488,PS01358,25,44,,20
Q8N4C6,PS50222,8,43,0,36
Q8N4C6,PS50222,60,77,0,18
Q8N4C6,PS50222,182,217,0,36
Q8N4C6,PS50222,219,252,0,34
Q8N4C6,PS50222,317,352,0,36
Q8N4C8,PS50011,25,289,0,265
Q8N4C8,PS00107,31,54,,24
Q8N4C8,PS00028,129,151,,23
Q8N4C8,PS00108,149,161,,13
Q8N4C8,PS50219,1019,1306,0,288
Q8N4Q1,PS51808,61,105,0,45
Q8N4S9,PS51225,188,367,0,180
Q8N4S9,PS51980,440,551,0,112
Q8N4X5,PS50003,175,271,1,97
Q8N4X5,PS50003,353,447,1,95
Q8N554,PS51915,77,163,0,87
Q8N554,PS00028,436,459,,24
Q8N554,PS50157,465,495,0,31
Q8N554,PS00028,467,490,,24
Q8N554,PS50157,496,523,0,28
Q8N554,PS00028,498,518,,21
Q8N554,PS50157,524,551,0,28
Q8N554,PS00028,526,546,,21
Q8N554,PS50157,554,582,0,29
Q8N554,PS00028,556,577,,22
Q8N556,PS50003,153,249,1,97
Q8N556,PS50003,347,441,1,95
Q8N567,PS50158,130,144,0,15
Q8N567,PS50158,185,201,0,17
Q8N5A5,PS50103,175,201,0,27
Q8N5A5,PS50174,333,379,0,47
Q8N5H7,PS50001,220,319,0,100
Q8N5H7,PS50009,586,854,0,269
Q8N5P1,PS50103,191,218,0,28
Q8N5P1,PS50103,220,247,0,28
Q8N5P1,PS50103,248,271,0,24
Q8N5Y2,PS51640,168,517,0,350
Q8N668,PS51269,118,186,0,69
Q8N697,PS01023,195,207,,13
Q8N697,PS00079,490,510,,21
Q8N6S4,PS50297,136,199,0,64
Q8N6S4,PS50088,143,175,0,33
Q8N6T3,PS50115,7,124,0,118
Q8N6T7,PS50305,27,272,0,246
Q8N7B1,PS50815,29,234,0,206
Q8N7U6,PS50222,561,596,0,36
Q8N7U6,PS50222,597,632,0,36
Q8N7U6,PS00018,610,622,,13
Q8N841,PS51221,106,449,0,344
Q8N895,PS50157,253,280,0,28
Q8N895,PS00028,255,275,,21
Q8N895,PS50157,281,308,0,28
Q8N895,PS00028,283,303,,21
Q8N895,PS50157,309,336,0,28
Q8N895,PS00028,311,331,,21
Q8N895,PS50157,337,364,0,28
Q8N895,PS00028,339,359,,21
Q8N895,PS50157,365,392,0,28
Q8N895,PS00028,367,387,,21
Q8N895,PS50157,393,420,0,28
Q8N895,PS00028,395,415,,21
Q8N895,PS50157,421,448,0,28
Q8N895,PS00028,423,443,,21
Q8N895,PS50157,449,476,0,28
Q8N895,PS00028,451,471,,21
Q8N895,PS50157,477,504,0,28
Q8N895,PS00028,479,499,,21
Q8N895,PS50157,505,532,0,28
Q8N895,PS00028,507,527,,21
Q8N895,PS50157,533,556,0,24
Q8N895,PS00028,535,556,,22
Q8N9F0,PS51186,143,283,0,141
Q8N9N2,PS50084,101,148,0,48
Q8N9N8,PS50832,5,89,0,85
Q8NAG6,PS50297,11,140,0,130
Q8NAG6,PS50088,39,74,0,36
Q8NAG6,PS50088,75,107,0,33
Q8NAG6,PS50954,355,399,0,45
Q8NAG6,PS50164,448,566,0,119
Q8NAP3,PS50097,33,100,0,68
Q8NAP3,PS50157,342,369,0,28
Q8NAP3,PS00028,344,364,,21
Q8NAP3,PS50157,371,400,0,30
Q8NAP3,PS50157,460,487,0,28
Q8NAP3,PS00028,462,482,,21
Q8NAP3,PS50157,488,515,0,28
Q8NAP3,PS00028,490,510,,21
Q8NAP3,PS50157,516,544,0,29
Q8NAP3,PS00028,518,539,,22
Q8NAP3,PS50157,1010,1037,0,28
Q8NAP3,PS00028,1012,1032,,21
Q8NAP3,PS50157,1038,1065,0,28
Q8NAP3,PS00028,1040,1060,,21
Q8NAP3,PS50157,1066,1093,0,28
Q8NAP3,PS00028,1068,1088,,21
Q8NAP3,PS00028,1096,1116,,21
Q8NAP3,PS50157,1125,1152,0,28
Q8NAP3,PS00028,1127,1147,,21
Q8NB16,PS50011,194,469,0,276
Q8NB78,PS51050,133,193,0,61
Q8NB78,PS50934,275,373,0,99
Q8NB90,PS51257,1,27,0,27
Q8NB90,PS00674,493,511,,19
Q8NB90,PS00674,766,784,,19
Q8NBI2,PS50939,12,219,0,208
Q8NBU5,PS00674,231,250,,20
Q8NC56,PS50954,1,42,0,42
Q8NC60,PS51721,202,503,0,302
Q8NCC5,PS50850,23,480,0,458
Q8NCG7,PS00120,437,446,,10
Q8NCN4,PS50089,68,107,0,40
Q8NCN4,PS00518,83,92,,10
Q8NCU7,PS50004,253,369,0,117
Q8NDI1,PS51840,8,158,0,151
Q8NDI1,PS50021,443,548,0,106
Q8NDI1,PS51848,1056,1212,0,157
Q8NDL9,PS52035,157,570,0,414
Q8NDX5,PS51024,776,810,0,35
Q8NDX5,PS50105,919,983,0,65
Q8NE09,PS50132,852,976,0,125
Q8NE09,PS50132,1021,1127,0,107
Q8NE71,PS50893,304,548,0,245
Q8NE71,PS00211,452,466,,15
Q8NE71,PS50893,625,840,0,216
Q8NE71,PS00211,743,757,,15
Q8NEB9,PS51547,35,184,0,150
Q8NEB9,PS51545,283,520,0,238
Q8NEB9,PS50290,605,871,0,267
Q8NEB9,PS00915,635,649,,15
Q8NEB9,PS00916,728,748,,21
Q8NEV4,PS50011,21,287,0,267
Q8NEV4,PS00107,27,50,,24
Q8NEV4,PS51456,338,1053,0,716
Q8NEV4,PS50096,1057,1084,0,28
Q8NEV4,PS50096,1082,1111,0,30
Q8NEV4,PS50096,1346,1375,0,30
Q8NEY3,PS50021,49,155,0,107
Q8NEZ4,PS00354,31,42,,12
Q8NEZ4,PS51805,227,331,0,105
Q8NEZ4,PS50016,341,391,0,51
Q8NEZ4,PS50089,344,389,0,46
Q8NEZ4,PS01359,344,409,,66
Q8NEZ4,PS01359,359,459,,101
Q8NEZ4,PS50016,388,438,0,51
Q8NEZ4,PS01359,435,517,,83
Q8NEZ4,PS50216,436,473,0,38
Q8NEZ4,PS50016,464,520,0,57
Q8NEZ4,PS50016,957,1010,0,54
Q8NEZ4,PS01359,960,1028,,69
Q8NEZ4,PS01359,977,1054,,78
Q8NEZ4,PS50016,1007,1057,0,51
Q8NEZ4,PS50016,1084,1139,0,56
Q8NEZ4,PS00152,1406,1415,,10
Q8NEZ4,PS51805,4399,4507,0,109
Q8NEZ4,PS51542,4545,4605,0,61
Q8NEZ4,PS51543,4606,4691,0,86
Q8NEZ4,PS50280,4771,4887,0,117
Q8NEZ4,PS50868,4895,4911,0,17
Q8NF37,PS50222,379,414,0,36
Q8NF37,PS50222,451,486,0,36
Q8NFA0,PS50222,91,126,0,36
Q8NFA0,PS50222,228,263,0,36
Q8NFA0,PS00018,241,253,,13
Q8NFA0,PS50222,264,299,0,36
Q8NFA0,PS00018,277,289,,13
Q8NFA0,PS51283,369,585,0,217
Q8NFA0,PS50235,734,1567,0,834
Q8NFA0,PS00972,735,750,,16
Q8NFA0,PS00973,1510,1527,,18
Q8NFG4,PS51834,86,558,0,473
Q8NFH5,PS51472,170,250,0,81
Q8NFM7,PS51534,355,509,0,155
Q8NFP4,PS50835,24,123,0,100
Q8NFP4,PS00699,29,36,,8
Q8NFP4,PS50835,132,230,0,99
Q8NFP4,PS50835,240,323,0,84
Q8NFP4,PS50835,338,432,0,95
Q8NFP4,PS50835,440,532,0,93
Q8NFP4,PS50835,539,631,0,93
Q8NFP4,PS50853,643,743,0,101
Q8NFP4,PS50060,751,918,0,168
Q8NFT6,PS51265,294,343,0,50
Q8NFU3,PS50206,17,115,0,99
Q8NFU7,PS51058,584,625,0,42
Q8NFZ5,PS51801,397,429,0,33
Q8NG50,PS50102,15,98,0,84
Q8NG66,PS50011,29,287,0,259
Q8NG66,PS00108,154,166,,13
Q8NHP6,PS50191,82,239,0,158
Q8NHP6,PS50202,327,445,0,119
Q8NHQ1,PS50005,483,516,0,34
Q8NHQ1,PS50293,483,516,0,34
Q8NHS3,PS50850,38,507,0,470
Q8NHU6,PS51644,3,76,0,74
Q8NHU6,PS51644,233,302,0,70
Q8NHU6,PS51644,337,406,0,70
Q8NHU6,PS50304,513,570,0,58
Q8NHU6,PS50304,703,760,0,58
Q8NHV1,PS51720,6,210,0,205
Q8NHV4,PS50294,1,244,0,244
Q8NHV4,PS50082,81,114,0,34
Q8NHV4,PS00678,92,106,,15
Q8NHV4,PS00678,178,192,,15
Q8NHV9,PS50071,101,161,0,61
Q8NHV9,PS00027,136,159,,24
Q8TAD8,PS50006,281,344,1,64
Q8TAF3,PS50082,26,60,0,35
Q8TAF3,PS50294,26,289,0,264
Q8TAF3,PS50082,71,112,0,42
Q8TAF3,PS00678,90,104,,15
Q8TAF3,PS50082,113,154,0,42
Q8TAF3,PS00678,132,146,,15
Q8TAF3,PS50082,164,205,0,42
Q8TAF3,PS50082,206,247,0,42
Q8TAI7,PS51421,1,183,0,183
Q8TAS1,PS50011,23,304,0,282
Q8TAS1,PS50102,324,399,0,76
Q8TAT5,PS51068,2,137,0,136
Q8TAT5,PS51066,247,281,0,35
Q8TAT5,PS01242,254,280,,27
Q8TAT5,PS50199,317,346,0,30
Q8TAT5,PS01358,321,340,,20
Q8TAT5,PS51999,507,550,0,44
Q8TAT5,PS51999,554,596,0,43
Q8TB37,PS01215,174,190,,17
Q8TBE0,PS51038,624,779,0,156
Q8TBK2,PS50280,60,286,0,227
Q8TBZ6,PS51675,89,279,0,191
Q8TC29,PS51665,160,252,0,93
Q8TC84,PS50853,8,108,0,101
Q8TC84,PS50297,114,330,0,217
Q8TC84,PS50088,143,175,0,33
Q8TC84,PS50088,176,208,0,33
Q8TC84,PS50088,209,241,0,33
Q8TC84,PS50088,243,276,0,34
Q8TC84,PS50088,277,309,0,33
Q8TCE6,PS50211,1,357,0,357
Q8TCF1,PS51039,4,52,0,49
Q8TCF1,PS51039,58,106,0,49
Q8TCG2,PS50290,120,451,0,332
Q8TCS8,PS00659,157,166,,10
Q8TCS8,PS50084,605,664,0,60
Q8TCS8,PS50126,679,750,0,72
Q8TCY9,PS51717,689,929,0,241
Q8TD08,PS50011,13,304,0,292
Q8TD08,PS00107,19,43,,25
Q8TD08,PS01351,48,149,,102
Q8TD19,PS50011,52,308,0,257
Q8TD19,PS00108,172,184,,13
Q8TD19,PS50012,388,444,0,57
Q8TD19,PS50012,445,498,0,54
Q8TD19,PS50012,499,550,0,52
Q8TD19,PS50012,551,615,0,65
Q8TD19,PS50012,616,668,0,53
Q8TD19,PS50012,669,726,0,58
Q8TD26,PS50013,375,418,0,44
Q8TD26,PS51192,473,647,0,175
Q8TD26,PS00690,593,602,,10
Q8TD26,PS51194,787,956,0,170
Q8TDB6,PS50089,561,600,0,40
Q8TDB6,PS00518,577,586,,10
Q8TDD1,PS51195,96,124,0,29
Q8TDD1,PS51192,127,299,0,173
Q8TDD1,PS00039,245,253,,9
Q8TDD1,PS51194,326,473,0,148
Q8TDG4,PS51192,346,518,0,173
Q8TDG4,PS51194,566,758,0,193
Q8TDM6,PS50209,1,90,0,90
Q8TDM6,PS50106,620,710,0,91
Q8TDM6,PS50106,705,796,0,92
Q8TDM6,PS50106,1350,1429,0,80
Q8TDM6,PS50106,1501,1582,0,82
Q8TDM6,PS00626,1516,1526,,11
Q8TDM6,PS50002,1593,1661,0,69
Q8TDM6,PS50052,1775,1905,0,131
Q8TDY4,PS00815,136,152,,17
Q8TDY4,PS50003,302,394,1,93
Q8TDY4,PS50115,426,551,0,126
Q8TDY4,PS50297,590,674,0,85
Q8TDY4,PS50088,621,653,0,33
Q8TDZ2,PS50021,508,612,0,105
Q8TDZ2,PS50023,695,757,0,63
Q8TDZ2,PS00478,697,731,,35
Q8TDZ2,PS51848,918,1067,0,150
Q8TE54,PS50801,492,641,0,150
Q8TEC5,PS50089,12,53,0,42
Q8TEC5,PS00518,28,37,,10
Q8TEC5,PS50002,125,184,0,60
Q8TEC5,PS50002,187,252,0,66
Q8TEC5,PS50002,380,441,0,62
Q8TED0,PS50294,34,285,0,252
Q8TED0,PS50082,118,159,0,42
Q8TED0,PS00678,137,151,,15
Q8TED0,PS50082,244,285,0,42
Q8TEK3,PS51569,16,330,0,315
Q8TEQ6,PS50082,60,104,0,45
Q8TEQ6,PS50294,60,720,0,661
Q8TEQ6,PS00678,82,96,,15
Q8TEQ6,PS50082,241,264,0,24
Q8TEQ6,PS00678,395,409,,15
Q8TEQ6,PS50082,635,668,0,34
Q8TEQ6,PS00678,655,669,,15
Q8TER5,PS50010,1085,1253,0,169
Q8TER5,PS50003,1265,1372,0,108
Q8TEV9,PS51834,48,910,0,863
Q8TEW0,PS50106,271,347,0,77
Q8TEW0,PS50106,461,546,0,86
Q8TEW0,PS50106,590,665,0,76
Q8TEX9,PS50166,24,90,0,67
Q8TEX9,PS50077,391,431,0,41
Q8TEX9,PS00118,725,732,,8
Q8TEX9,PS50077,900,938,0,39
Q8TF30,PS51082,739,756,0,18
Q8TF46,PS01175,784,808,,25
Q8TF66,PS51450,102,123,0,22
Q8TF66,PS51450,126,147,0,22
Q8TF66,PS51450,150,171,0,22
Q8TF66,PS51450,174,195,0,22
Q8TF66,PS51450,198,219,0,22
Q8TF66,PS51450,222,243,0,22
Q8TF66,PS51450,246,267,0,22
Q8TF66,PS51450,270,291,0,22
Q8TF66,PS51450,294,315,0,22
Q8TF66,PS51450,318,339,0,22
Q8TF66,PS51450,342,363,0,22
Q8TF66,PS51450,366,387,0,22
Q8TF66,PS51450,390,411,0,22
Q8TF66,PS51450,414,435,0,22
Q8TF71,PS50850,287,515,0,229
Q8TF74,PS51082,36,53,0,18
Q8TF76,PS50011,484,798,0,315
Q8TF76,PS00107,490,511,,22
Q8WTR7,PS50805,6,75,0,70
Q8WTR7,PS50157,209,236,0,28
Q8WTR7,PS00028,211,231,,21
Q8WTR7,PS50157,265,291,0,27
Q8WTR7,PS50157,320,347,0,28
Q8WTR7,PS00028,322,342,,21
Q8WTR7,PS50157,347,374,0,28
Q8WTR7,PS00028,349,369,,21
Q8WTR7,PS50157,375,402,0,28
Q8WTR7,PS00028,377,397,,21
Q8WTR7,PS50157,403,430,0,28
Q8WTR7,PS50157,431,458,0,28
Q8WTR7,PS00028,433,453,,21
Q8WTR7,PS50157,459,486,0,28
Q8WTR7,PS00028,461,481,,21
Q8WTR7,PS50157,487,514,0,28
Q8WTR7,PS00028,489,509,,21
Q8WTR7,PS50157,515,542,0,28
Q8WTR7,PS00028,517,537,,21
Q8WTR7,PS50157,562,585,0,24
Q8WTR7,PS00028,564,584,,21
Q8WTR7,PS50157,591,618,0,28
Q8WTR7,PS00028,593,613,,21
Q8WTR7,PS50157,646,673,0,28
Q8WTR7,PS00028,648,668,,21
Q8WTR7,PS50157,674,701,0,28
Q8WTR7,PS00028,676,696,,21
Q8WTR7,PS50157,702,729,0,28
Q8WTR7,PS00028,704,724,,21
Q8WTR7,PS50157,730,757,0,28
Q8WTR7,PS00028,732,752,,21
Q8WTR7,PS50157,758,785,0,28
Q8WTR7,PS00028,760,780,,21
Q8WTR7,PS50157,786,813,0,28
Q8WTR7,PS00028,788,808,,21
Q8WTR7,PS50157,814,841,0,28
Q8WTR7,PS00028,816,836,,21
Q8WTR7,PS50157,842,869,0,28
Q8WTR7,PS00028,844,864,,21
Q8WU90,PS50103,99,126,0,28
Q8WU90,PS50103,174,212,0,39
Q8WUB8,PS50016,377,436,0,60
Q8WUB8,PS01359,401,478,,78
Q8WUB8,PS50016,433,481,0,49
Q8WUD6,PS00379,114,136,,23
Q8WUD6,PS00189,268,297,,30
Q8WUF5,PS50297,626,731,0,106
Q8WUF5,PS50088,659,691,0,33
Q8WUF5,PS50088,692,724,0,33
Q8WUF5,PS50002,758,820,0,63
Q8WUH2,PS50219,24,297,0,274
Q8WUH2,PS50236,564,728,0,165
Q8WUJ0,PS50054,28,176,0,149
Q8WUJ0,PS50056,96,154,0,59
Q8WUM4,PS51180,3,392,0,390
Q8WUP2,PS50023,181,242,0,62
Q8WUP2,PS00478,183,218,,36
Q8WUP2,PS00478,243,276,,34
Q8WUP2,PS50023,243,300,0,58
Q8WUP2,PS50023,301,370,0,70
Q8WUP2,PS00478,303,342,,40
Q8WUU5,PS50114,9,33,0,25
Q8WUY3,PS50191,2895,3056,0,162
Q8WUY9,PS50186,24,108,0,85
Q8WUY9,PS50238,201,393,0,193
Q8WV22,PS50081,176,228,1,53
Q8WV22,PS50089,191,232,0,42
Q8WV28,PS50001,346,453,0,108
Q8WV44,PS50089,20,61,0,42
Q8WV44,PS00518,35,44,,10
Q8WV44,PS50119,222,263,0,42
Q8WV44,PS50188,413,630,0,218
Q8WVJ2,PS51203,14,104,0,91
Q8WVJ9,PS50888,66,117,0,52
Q8WVR3,PS00879,76,92,,17
Q8WVT3,PS50005,545,578,0,34
Q8WVT3,PS50293,545,687,0,143
Q8WVT3,PS50005,580,613,0,34
Q8WVT3,PS50005,620,653,0,34
Q8WVT3,PS50005,654,687,0,34
Q8WVY7,PS50053,3,81,0,79
Q8WVY7,PS50969,133,294,0,162
Q8WW38,PS51810,244,277,0,34
Q8WW38,PS50157,296,325,0,30
Q8WW38,PS00028,298,320,,23
Q8WW38,PS50157,363,390,0,28
Q8WW38,PS00028,365,385,,21
Q8WW38,PS51810,542,575,0,34
Q8WW38,PS51810,681,714,0,34
Q8WW38,PS51810,848,881,0,34
Q8WW38,PS51810,1113,1146,0,34
Q8WWM7,PS52002,122,199,0,78
Q8WWM9,PS01033,18,167,0,150
Q8WWY3,PS51358,215,333,0,119
Q8WXD5,PS52002,7,74,0,68
Q8WXD5,PS52001,69,167,0,99
Q8WXG1,PS51918,69,289,0,221
Q8WXI9,PS50114,414,444,0,31
Q8WXU2,PS51203,3,87,0,85
Q8WXU2,PS50005,290,323,0,34
Q8WXU2,PS50293,290,399,0,110
Q8WXU2,PS50005,324,357,0,34
Q8WXU2,PS50005,366,399,0,34
Q8WXX5,PS50076,15,82,0,68
Q8WXX5,PS00636,59,78,,20
Q8WY41,PS51522,213,267,0,55
Q8WY54,PS51746,231,488,0,258
Q8WY54,PS01032,268,276,,9
Q8WYP5,PS00228,1,4,,4
Q8WYQ5,PS50020,301,334,0,34
Q8WYQ5,PS50137,511,578,0,68
Q92466,PS50082,238,280,0,43
Q92466,PS50294,238,325,0,88
Q92466,PS00678,258,272,,15
Q92499,PS51195,2,30,0,29
Q92499,PS51192,33,94,0,62
Q92499,PS50188,70,247,0,178
Q92499,PS51192,255,428,0,174
Q92499,PS51194,493,681,0,189
Q92503,PS50904,3,175,0,173
Q92503,PS50191,319,495,0,177
Q92503,PS50866,521,674,0,154
Q92538,PS50190,693,883,0,191
Q92547,PS50172,101,172,0,72
Q92547,PS50172,195,284,0,90
Q92547,PS50172,354,444,0,91
Q92547,PS50172,548,633,0,86
Q92547,PS50172,641,738,0,98
Q92547,PS50172,900,991,0,92
Q92547,PS50172,1259,1351,0,93
Q92552,PS51375,140,175,0,36
Q92558,PS51082,497,514,0,18
Q92560,PS52048,4,235,0,232
Q92560,PS52049,670,698,0,29
Q92562,PS50275,154,547,0,394
Q92564,PS51229,101,287,0,187
Q92575,PS50033,315,393,0,79
Q92609,PS50086,81,359,0,279
Q92615,PS50961,150,239,0,90
Q92619,PS51741,269,539,0,271
Q92619,PS50081,702,747,1,46
Q92619,PS00479,703,747,,45
Q92619,PS50238,761,974,0,214
Q92620,PS51192,542,705,0,164
Q92620,PS00690,647,656,,10
Q92620,PS51194,727,902,0,176
Q92622,PS50826,48,189,0,142
Q92624,PS50005,288,321,0,34
Q92624,PS50005,429,462,0,34
Q92624,PS50293,429,462,0,34
Q92681,PS50030,571,611,0,41
Q92688,PS51450,43,64,0,22
Q92688,PS51450,65,84,0,20
Q92688,PS51450,89,110,0,22
Q92688,PS51450,114,135,0,22
Q92696,PS51147,44,78,0,35
Q92696,PS51147,88,122,0,35
Q92696,PS51147,124,158,0,35
Q92696,PS51147,159,193,0,35
Q92696,PS51147,207,241,0,35
Q92696,PS51147,363,397,0,35
Q92696,PS51450,442,463,0,22
Q92696,PS51450,464,486,0,23
Q92696,PS51450,487,508,0,22
Q92696,PS51450,509,530,0,22
Q92696,PS51450,534,555,0,22
Q92698,PS51192,170,345,0,176
Q92698,PS51194,500,653,0,154
Q92750,PS51119,256,353,0,98
Q92766,PS50157,66,93,0,28
Q92766,PS00028,68,88,,21
Q92766,PS50157,97,124,0,28
Q92766,PS00028,99,119,,21
Q92766,PS50157,125,152,0,28
Q92766,PS00028,127,147,,21
Q92766,PS50157,208,235,0,28
Q92766,PS00028,210,230,,21
Q92766,PS00028,237,258,,22
Q92766,PS50157,316,343,0,28
Q92766,PS00028,318,338,,21
Q92766,PS50157,643,670,0,28
Q92766,PS00028,645,665,,21
Q92766,PS50157,671,698,0,28
Q92766,PS50157,699,722,0,24
Q92766,PS00028,701,722,,22
Q92766,PS50157,753,780,0,28
Q92766,PS00028,755,775,,21
Q92766,PS50157,790,820,0,31
Q92766,PS00028,792,813,,22
Q92766,PS50157,1246,1273,0,28
Q92766,PS00028,1248,1268,,21
Q92766,PS50157,1393,1420,0,28
Q92766,PS00028,1395,1415,,21
Q92766,PS50157,1512,1539,0,28
Q92766,PS00028,1514,1534,,21
Q92766,PS50157,1540,1567,0,28
Q92766,PS00028,1542,1562,,21
Q92804,PS50102,234,320,0,87
Q92804,PS50199,354,385,0,32
Q92804,PS01358,358,379,,22
Q92805,PS50913,688,737,0,50
Q92820,PS51275,25,318,0,294
Q92831,PS51186,503,651,0,149
Q92831,PS50014,723,827,0,105
Q92831,PS00633,745,802,,58
Q92833,PS51183,557,598,0,42
Q92833,PS51011,621,713,0,93
Q92833,PS51184,884,1048,0,165
Q92834,PS00626,40,50,,11
Q92834,PS50012,54,105,0,52
Q92834,PS50012,106,158,0,53
Q92834,PS50012,159,208,0,50
Q92834,PS00626,195,205,,11
Q92834,PS50012,209,261,0,53
Q92834,PS00626,248,258,,11
Q92834,PS50012,261,313,0,53
Q92834,PS00626,300,310,,11
Q92834,PS50012,314,367,0,54
Q92845,PS50176,589,633,0,45
Q92854,PS51004,19,500,0,482
Q92854,PS50835,554,636,0,83
Q92878,PS51131,635,734,0,100
Q92888,PS50010,416,605,0,190
Q92888,PS50003,647,760,0,114
Q92896,PS51289,116,149,0,34
Q92896,PS51289,150,212,0,63
Q92896,PS51289,215,278,0,64
Q92896,PS51289,286,346,0,61
Q92896,PS51289,347,413,0,67
Q92896,PS51289,414,473,0,60
Q92896,PS51289,475,537,0,63
Q92896,PS51289,538,604,0,67
Q92896,PS51289,609,668,0,60
Q92896,PS51289,670,728,0,59
Q92896,PS51289,729,788,0,60
Q92896,PS51289,796,856,0,61
Q92896,PS51289,858,911,0,54
Q92896,PS51289,912,979,0,68
Q92896,PS51289,980,1035,0,56
Q92896,PS51289,1041,1101,0,61
Q92900,PS51997,115,272,0,158
Q92903,PS01315,375,401,,27
Q92905,PS50249,55,192,0,138
Q92908,PS50114,384,438,0,55
Q92908,PS00344,390,414,,25
Q92908,PS50114,438,491,0,54
Q92908,PS00344,444,468,,25
Q92917,PS50174,164,210,0,47
Q92956,PS50050,41,75,0,35
Q92956,PS50050,77,119,0,43
Q92956,PS00652,78,119,,42
Q92968,PS50002,272,336,0,65
Q92988,PS50071,115,175,0,61
Q92988,PS00027,150,173,,24
Q92993,PS51726,227,504,0,278
Q93008,PS50235,1557,1956,0,400
Q93008,PS00972,1558,1573,,16
Q93008,PS00973,1863,1880,,18
Q93009,PS50144,68,195,0,128
Q93009,PS50235,214,521,0,308
Q93009,PS00972,215,230,,16
Q93009,PS00973,448,465,,18
Q93062,PS50102,24,101,0,78
Q95460,PS50835,203,299,0,97
Q95460,PS00290,276,282,,7
Q969G3,PS50118,66,134,0,69
Q969H0,PS50181,278,324,0,47
Q969H0,PS50294,376,659,0,284
Q969H0,PS50082,391,416,0,26
Q969H0,PS50082,417,456,0,40
Q969H0,PS00678,434,448,,15
Q969H0,PS50082,457,496,0,40
Q969H0,PS00678,474,488,,15
Q969H0,PS50082,497,536,0,40
Q969H0,PS50082,537,576,0,40
Q969H0,PS00678,554,568,,15
Q969H0,PS50082,577,616,0,40
Q969H0,PS00678,594,608,,15
Q969H0,PS50082,620,659,0,40
Q969H0,PS00678,637,651,,15
Q969K4,PS50297,1,76,0,76
Q969K4,PS50088,35,67,0,33
Q969K4,PS50097,115,182,0,68
Q969K4,PS50097,272,346,0,75
Q969L4,PS52002,16,88,0,73
Q969P6,PS52038,268,601,0,334
Q969P6,PS00176,546,564,,19
Q969Q6,PS00018,286,298,,13
Q969S2,PS51068,2,156,0,155
Q969S2,PS51066,284,320,0,37
Q969S3,PS00028,6,28,,23
Q969S3,PS00028,69,91,,23
Q969V5,PS50089,302,340,0,39
Q969X0,PS51776,24,106,0,83
Q969X0,PS51777,130,201,0,72
Q969X6,PS50294,12,322,0,311
Q969Y2,PS51709,249,416,0,168
Q969Z0,PS51286,561,619,0,59
Q96A49,PS50858,158,210,0,53
Q96AD5,PS51257,1,28,0,28
Q96AD5,PS51635,10,179,0,170
Q96AE7,PS50005,295,328,0,34
Q96AE7,PS50293,295,328,0,34
Q96AE7,PS50005,619,652,0,34
Q96AE7,PS50293,619,722,0,104
Q96AE7,PS50005,689,722,0,34
Q96AE7,PS50293,1014,1118,0,105
Q96AE7,PS50005,1085,1118,0,34
Q96AG3,PS50920,311,413,0,103
Q96AP4,PS00028,4,24,,21
Q96AP4,PS50157,193,220,0,28
Q96AP4,PS00028,195,215,,21
Q96AP7,PS50835,26,143,0,118
Q96AP7,PS50835,167,242,0,76
Q96B97,PS50002,1,58,0,58
Q96B97,PS50002,98,157,0,60
Q96B97,PS50002,267,328,0,62
Q96BA8,PS50217,290,353,0,64
Q96BA8,PS00036,295,310,,16
Q96BK5,PS50174,26,72,0,47
Q96BM9,PS51417,14,181,0,168
Q96BP2,PS51808,42,84,0,43
Q96BS2,PS50222,110,145,0,36
Q96BS2,PS00018,123,135,,13
Q96BT7,PS00050,94,109,,16
Q96BT7,PS51471,220,337,0,118
Q96BY6,PS50003,181,290,1,110
Q96BY6,PS51650,672,850,0,179
Q96BY6,PS51651,1690,2150,0,461
Q96C10,PS51192,11,188,0,178
Q96C10,PS51194,350,514,0,165
Q96C10,PS51789,539,669,0,131
Q96C12,PS50176,195,238,0,44
Q96C12,PS50097,748,808,0,61
Q96CA5,PS01282,87,154,,68
Q96CA5,PS50143,90,155,0,66
Q96CA5,PS50089,252,286,0,35
Q96CA5,PS00518,267,276,,10
Q96CB8,PS50016,159,215,0,57
Q96CB8,PS01359,162,212,,51
Q96CG3,PS50006,47,103,0,57
Q96CM3,PS01129,149,163,,15
Q96CN9,PS50913,713,763,0,51
Q96CS3,PS50033,357,439,0,83
Q96CW1,PS00990,159,179,,21
Q96CW1,PS51072,170,434,0,265
Q96CW1,PS00991,263,277,,15
Q96D71,PS50031,10,113,0,104
Q96D71,PS50031,285,369,0,85
Q96D71,PS50222,318,353,0,36
Q96D71,PS00018,331,343,,13
Q96DE0,PS51462,18,173,0,156
Q96DI7,PS50082,62,95,0,34
Q96DI7,PS50294,62,357,0,296
Q96DI7,PS00678,81,95,,15
Q96DI7,PS50082,105,146,0,42
Q96DI7,PS00678,124,138,,15
Q96DI7,PS50082,147,189,0,43
Q96DI7,PS00678,167,181,,15
Q96DI7,PS50082,189,230,0,42
Q96DI7,PS00678,208,222,,15
Q96DI7,PS50082,231,265,0,35
Q96DI7,PS50082,292,322,0,31
Q96DI7,PS00678,300,314,,15
Q96DI7,PS50082,323,357,0,35
Q96DN5,PS50294,122,343,0,222
Q96DN5,PS00678,183,197,,15
Q96DN5,PS50086,424,599,0,176
Q96DN6,PS50982,11,81,0,71
Q96E52,PS00142,324,333,,10
Q96EB6,PS50305,236,496,0,261
Q96EK4,PS50950,1,80,0,80
Q96EP5,PS50102,10,97,0,88
Q96EP5,PS50102,113,190,0,78
Q96EQ8,PS50089,37,76,0,40
Q96EQ8,PS00518,52,61,,10
Q96EQ8,PS51803,100,119,0,20
Q96EX3,PS50294,388,520,0,133
Q96EY5,PS51498,9,151,0,143
Q96EY5,PS51497,215,265,0,51
Q96EY7,PS51375,255,289,0,35
Q96EY7,PS51375,290,330,0,41
Q96EY7,PS51375,331,367,0,37
Q96EY7,PS51375,572,606,0,35
Q96EZ8,PS50006,363,419,1,57
Q96F05,PS00063,195,210,,16
Q96F86,PS52002,1,68,0,68
Q96F86,PS51512,192,228,0,37
Q96F86,PS51385,283,487,0,205
Q96FC9,PS51193,9,445,0,437
Q96FI4,PS51068,2,121,0,120
Q96FJ2,PS01239,55,69,,15
Q96FQ6,PS50222,54,89,0,36
Q96FQ6,PS00303,62,83,,22
Q96FQ6,PS00018,67,79,,13
Q96FS4,PS50085,321,539,0,219
Q96FS4,PS50106,687,763,0,77
Q96FX2,PS51074,4,60,0,57
Q96G21,PS50833,83,264,0,182
Q96G74,PS50802,213,341,0,129
Q96GC6,PS50805,14,85,0,72
Q96GC6,PS50804,161,239,0,79
Q96GC6,PS50805,287,360,0,74
Q96GC6,PS00028,507,529,,23
Q96GC6,PS50157,507,534,0,28
Q96GC6,PS50157,535,562,0,28
Q96GC6,PS00028,537,557,,21
Q96GC6,PS50157,563,590,0,28
Q96GC6,PS00028,565,585,,21
Q96GC6,PS50157,591,618,0,28
Q96GC6,PS00028,593,613,,21
Q96GC6,PS50157,619,646,0,28
Q96GC6,PS00028,621,641,,21
Q96GD4,PS50011,77,327,0,251
Q96GD4,PS00107,83,106,,24
Q96GD4,PS00108,196,208,,13
Q96GD4,PS00092,267,273,,7
Q96GM8,PS50103,294,322,0,29
Q96GS6,PS00430,1,91,,91
Q96GX5,PS50011,35,835,0,801
Q96GX5,PS00108,152,164,,13
Q96GX5,PS51285,836,879,0,44
Q96H15,PS50835,21,126,0,106
Q96H55,PS51456,35,758,0,724
Q96H55,PS50096,785,811,0,27
Q96HA7,PS50293,27,100,0,74
Q96HA7,PS50293,162,385,0,224
Q96HA7,PS50297,517,635,0,119
Q96HA7,PS50088,528,560,0,33
Q96HA7,PS50088,561,593,0,33
Q96HA7,PS50088,597,629,0,33
Q96I25,PS50174,235,275,0,41
Q96I59,PS50862,156,467,0,312
Q96I76,PS50174,410,458,0,49
Q96IR7,PS51819,7,135,0,129
Q96IR7,PS51819,160,328,0,169
Q96JB8,PS51022,24,80,0,57
Q96JB8,PS51022,87,137,0,51
Q96JB8,PS50106,154,235,0,82
Q96JB8,PS50002,242,312,0,71
Q96JB8,PS50052,427,616,0,190
Q96JB8,PS00856,462,479,,18
Q96JC1,PS50219,15,294,0,280
Q96JC1,PS50236,573,750,0,178
Q96JE7,PS00012,658,673,,16
Q96JI7,PS00572,482,490,,9
Q96JM2,PS50157,108,136,0,29
Q96JM2,PS00028,110,131,,22
Q96JM2,PS50157,470,497,0,28
Q96JM2,PS00028,472,492,,21
Q96JM2,PS00028,888,909,,22
Q96JM2,PS50157,1470,1498,0,29
Q96JM2,PS00028,1472,1493,,22
Q96JM2,PS00028,1662,1683,,22
Q96JM2,PS50157,1892,1919,0,28
Q96JM2,PS00028,1894,1914,,21
Q96JM2,PS50157,2025,2053,0,29
Q96JM2,PS50157,2054,2082,0,29
Q96JM2,PS50157,2300,2327,0,28
Q96JM2,PS00028,2302,2322,,21
Q96JM2,PS50157,2328,2356,0,29
Q96JM2,PS50157,2414,2436,0,23
Q96JM2,PS00028,2416,2436,,21
Q96JM3,PS50157,738,760,0,23
Q96JM3,PS00028,740,760,,21
Q96JM7,PS51079,232,332,0,101
Q96JM7,PS51079,340,439,0,100
Q96JM7,PS51079,448,543,0,96
Q96JM7,PS51802,549,593,0,45
Q96JM7,PS50105,708,772,0,65
Q96JM7,PS00014,777,780,,4
Q96JN0,PS50960,340,392,0,53
Q96JP5,PS00028,313,336,,24
Q96JP5,PS50157,342,371,0,30
Q96JP5,PS00028,344,366,,23
Q96JP5,PS50157,372,399,0,28
Q96JP5,PS00028,374,394,,21
Q96JP5,PS50157,400,427,0,28
Q96JP5,PS00028,402,422,,21
Q96JP5,PS50157,430,453,0,24
Q96JP5,PS00028,432,453,,22
Q96K58,PS50157,22,44,0,23
Q96K58,PS00028,24,44,,21
Q96K58,PS50157,84,111,0,28
Q96K58,PS00028,86,106,,21
Q96K58,PS50157,112,139,0,28
Q96K58,PS00028,114,134,,21
Q96K58,PS50157,140,167,0,28
Q96K58,PS00028,142,162,,21
Q96K58,PS50157,168,195,0,28
Q96K58,PS00028,170,190,,21
Q96K58,PS50157,196,223,0,28
Q96K58,PS00028,198,218,,21
Q96K58,PS50157,224,251,0,28
Q96K58,PS00028,226,246,,21
Q96K58,PS50157,252,279,0,28
Q96K58,PS00028,254,274,,21
Q96K58,PS50157,280,307,0,28
Q96K58,PS00028,282,302,,21
Q96K58,PS50157,308,335,0,28
Q96K58,PS00028,310,330,,21
Q96K58,PS50157,336,363,0,28
Q96K58,PS00028,338,358,,21
Q96K58,PS50157,364,391,0,28
Q96K58,PS00028,366,386,,21
Q96K58,PS50157,392,419,0,28
Q96K58,PS00028,394,414,,21
Q96K58,PS50157,516,543,0,28
Q96K58,PS00028,518,538,,21
Q96K58,PS50157,544,571,0,28
Q96K58,PS00028,546,566,,21
Q96K58,PS50157,572,594,0,23
Q96K58,PS00028,574,594,,21
Q96KB5,PS50011,32,322,0,291
Q96KB5,PS00108,163,175,,13
Q96KG9,PS50011,14,314,0,301
Q96KP4,PS00759,130,169,,40
Q96KQ7,PS50297,654,887,0,234
Q96KQ7,PS50088,684,716,0,33
Q96KQ7,PS50088,717,749,0,33
Q96KQ7,PS50088,750,774,0,25
Q96KQ7,PS50088,784,816,0,33
Q96KQ7,PS50088,850,882,0,33
Q96KQ7,PS50867,972,1035,0,64
Q96KQ7,PS50280,1038,1155,0,118
Q96KS0,PS51471,278,376,0,99
Q96KV7,PS50294,654,821,0,168
Q96KV7,PS50082,696,737,0,42
Q96KV7,PS00678,715,729,,15
Q96KV7,PS50294,1154,1562,0,409
Q96KV7,PS50082,1431,1472,0,42
Q96L50,PS51450,178,199,0,22
Q96L50,PS51450,201,222,0,22
Q96L50,PS51450,227,248,0,22
Q96L50,PS51450,250,271,0,22
Q96L50,PS51450,273,294,0,22
Q96L50,PS51450,295,316,0,22
Q96L92,PS50106,43,136,0,94
Q96L92,PS50195,161,269,0,109
Q96L92,PS50200,273,362,0,90
Q96LA8,PS51678,44,374,0,331
Q96LD4,PS50089,9,58,0,50
Q96LD4,PS00518,24,33,,10
Q96LD4,PS50119,177,217,0,41
Q96LD4,PS50188,410,631,0,222
Q96LT4,PS50105,12,78,0,67
Q96LT7,PS51835,23,464,0,442
Q96LT9,PS50102,27,102,0,76
Q96LT9,PS50102,420,503,0,84
Q96MF7,PS51044,154,240,0,87
Q96MR6,PS50082,385,426,0,42
Q96MR6,PS50294,385,426,0,42
Q96MR6,PS50082,508,549,0,42
Q96MR6,PS50294,508,549,0,42
Q96MR6,PS50082,634,667,0,34
Q96MU7,PS50882,355,492,0,138
Q96MW5,PS00237,136,152,,17
Q96N64,PS50812,655,715,0,61
Q96N77,PS50805,109,181,0,73
Q96N77,PS50157,264,291,0,28
Q96N77,PS00028,266,286,,21
Q96N77,PS50157,292,319,0,28
Q96N77,PS00028,294,316,,23
Q96N77,PS50157,320,347,0,28
Q96N77,PS00028,322,342,,21
Q96N77,PS50157,372,399,0,28
Q96N77,PS00028,374,394,,21
Q96N77,PS50157,400,427,0,28
Q96N77,PS00028,402,422,,21
Q96NB1,PS50896,49,81,0,33
Q96NB3,PS00028,53,75,,23
Q96NC0,PS00028,82,104,,23
Q96NN9,PS51296,70,165,0,96
Q96NT5,PS50850,28,448,0,421
Q96NT5,PS00216,104,121,,18
Q96NW4,PS51205,233,371,0,139
Q96NW4,PS50088,462,494,0,33
Q96NW4,PS50297,462,908,0,447
Q96NW4,PS50088,495,527,0,33
Q96NW4,PS50088,528,549,0,22
Q96NW4,PS50088,564,596,0,33
Q96NW4,PS50088,743,775,0,33
Q96NW4,PS50088,776,808,0,33
Q96NW4,PS50088,809,841,0,33
Q96NW4,PS50088,842,874,0,33
Q96NY8,PS50835,30,144,0,115
Q96NY8,PS50835,148,237,0,90
Q96NY8,PS50835,262,331,0,70
Q96P11,PS51686,126,425,0,300
Q96P44,PS50234,37,211,0,175
Q96P47,PS52057,87,261,0,175
Q96P47,PS50003,367,605,1,239
Q96P47,PS50115,626,746,0,121
Q96P47,PS50297,753,842,0,90
Q96P47,PS50088,785,817,0,33
Q96P70,PS50166,43,119,0,77
Q96PC5,PS50002,39,101,0,63
Q96PD2,PS01180,72,187,0,116
Q96PD2,PS50820,211,285,0,75
Q96PD2,PS50022,292,449,0,158
Q96PD2,PS01285,339,368,,30
Q96PE1,PS51450,85,106,0,22
Q96PE1,PS51450,109,130,0,22
Q96PE1,PS51450,133,154,0,22
Q96PE1,PS51450,157,178,0,22
Q96PE1,PS50835,260,344,0,85
Q96PE1,PS50227,327,421,0,95
Q96PE1,PS50221,594,759,0,166
Q96PE1,PS50261,769,944,0,176
Q96PE1,PS00650,1061,1076,,16
Q96PK6,PS51257,1,31,0,31
Q96PK6,PS50102,1,73,0,73
Q96PK6,PS50102,79,149,0,71
Q96PL5,PS50835,17,140,0,124
Q96PL5,PS50188,220,418,0,199
Q96PM5,PS51266,13,80,0,68
Q96PM5,PS51270,82,144,0,63
Q96PM5,PS50089,145,186,0,42
Q96PM9,PS00028,76,98,,23
Q96PM9,PS00028,203,225,,23
Q96PM9,PS00028,263,285,,23
Q96PS8,PS00221,80,88,,9
Q96PX9,PS50010,1161,1340,0,180
Q96PX9,PS50003,1352,1460,1,109
Q96PY6,PS50011,4,258,0,255
Q96PY6,PS00107,10,33,,24
Q96PY6,PS00108,124,136,,13
Q96PZ0,PS01268,291,304,,14
Q96PZ0,PS50984,370,580,0,211
Q96Q15,PS51189,1283,1866,0,584
Q96Q15,PS50290,2124,2463,0,340
Q96Q15,PS00916,2320,2340,,21
Q96Q15,PS51190,3629,3661,0,33
Q96Q27,PS50297,104,501,0,398
Q96Q27,PS50088,171,203,0,33
Q96Q27,PS50088,204,236,0,33
Q96Q27,PS50088,237,269,0,33
Q96Q27,PS50088,270,302,0,33
Q96Q27,PS50088,303,335,0,33
Q96Q27,PS50088,336,368,0,33
Q96Q27,PS50088,368,400,0,33
Q96Q27,PS50088,410,438,0,29
Q96Q27,PS50088,440,472,0,33
Q96Q27,PS00878,484,502,,19
Q96Q27,PS00615,488,508,,21
Q96Q27,PS50225,586,635,0,50
Q96Q83,PS51471,172,278,0,107
Q96Q89,PS50067,58,479,0,422
Q96Q89,PS00411,374,385,,12
Q96QC0,PS51319,73,147,0,75
Q96QC0,PS50103,906,934,0,29
Q96QF0,PS00014,473,476,,4
Q96QP1,PS51158,1017,1237,0,221
Q96QT4,PS51158,1594,1824,0,231
Q96QT6,PS50016,56,105,0,50
Q96QT6,PS01359,59,102,,44
Q96QT6,PS50016,271,321,0,51
Q96QT6,PS50006,815,869,1,55
Q96QU8,PS50166,31,97,0,67
Q96QZ7,PS50106,17,105,0,89
Q96QZ7,PS50052,96,189,0,94
Q96QZ7,PS00856,145,162,,18
Q96QZ7,PS50020,300,333,0,34
Q96QZ7,PS01159,306,331,,26
Q96QZ7,PS50020,359,392,0,34
Q96QZ7,PS01159,365,390,,26
Q96QZ7,PS50106,472,541,0,70
Q96QZ7,PS50106,643,721,0,79
Q96QZ7,PS50106,841,923,0,83
Q96QZ7,PS50106,998,1094,0,97
Q96QZ7,PS50106,1152,1234,0,83
Q96RD7,PS51013,27,391,0,365
Q96RG2,PS50112,134,190,0,57
Q96RG2,PS50011,999,1251,0,253
Q96RG2,PS00107,1005,1032,,28
Q96RG2,PS00108,1124,1136,,13
Q96RI1,PS51030,134,209,0,76
Q96RI1,PS00031,137,163,,27
Q96RI1,PS51843,262,486,0,225
Q96RL1,PS50330,80,99,0,20
Q96RL1,PS51908,502,529,0,28
Q96RR4,PS50011,165,446,0,282
Q96RR4,PS00107,171,194,,24
Q96RR4,PS00108,308,320,,13
Q96RT1,PS51450,47,68,0,22
Q96RT1,PS51450,70,91,0,22
Q96RT1,PS51450,93,114,0,22
Q96RT1,PS51450,116,137,0,22
Q96RT1,PS51450,162,183,0,22
Q96RT1,PS51450,185,206,0,22
Q96RT1,PS51450,208,229,0,22
Q96RT1,PS51450,231,252,0,22
Q96RT1,PS51450,254,275,0,22
Q96RT1,PS51450,277,298,0,22
Q96RT1,PS51450,300,321,0,22
Q96RT1,PS51450,323,344,0,22
Q96RT1,PS51450,346,367,0,22
Q96RT1,PS51450,369,391,0,23
Q96RT1,PS51450,392,413,0,22
Q96RT1,PS50106,1321,1410,0,90
Q96RU7,PS50011,68,315,0,248
Q96S15,PS50294,86,323,0,238
Q96S15,PS00678,90,104,,15
Q96S15,PS50082,116,158,0,43
Q96S15,PS50082,203,245,0,43
Q96S15,PS00678,223,237,,15
Q96S15,PS00678,269,283,,15
Q96S38,PS50195,8,132,0,125
Q96S38,PS50011,794,1056,0,263
Q96S53,PS50011,58,313,0,256
Q96S53,PS00107,64,87,,24
Q96S53,PS00109,172,184,,13
Q96S55,PS51908,17,44,0,28
Q96S59,PS50188,147,334,0,188
Q96S59,PS50896,365,397,0,33
Q96S59,PS50897,403,460,0,58
Q96SQ7,PS50888,230,282,0,53
Q96ST2,PS51319,614,692,0,79
Q96SU4,PS50003,2,99,1,98
Q96SU4,PS01013,497,507,,11
Q96SZ6,PS51449,100,220,0,121
Q96SZ6,PS51918,244,512,0,269
Q96SZ6,PS01278,252,272,,21
Q96SZ6,PS50926,515,590,0,76
Q96T23,PS50016,891,941,0,51
Q96T23,PS01359,894,938,,45
Q96T58,PS50102,6,81,0,76
Q96T58,PS50102,335,408,0,74
Q96T58,PS50102,438,513,0,76
Q96T58,PS50102,517,589,0,73
Q96T58,PS50917,3498,3664,0,167
Q96T68,PS50982,157,229,0,73
Q96T68,PS50867,291,364,0,74
Q96T68,PS50280,367,694,0,328
Q96T76,PS00435,318,328,,11
Q96TA2,PS00674,476,494,,19
Q99426,PS00845,183,214,,32
Q99426,PS50245,183,225,0,43
Q99459,PS51294,1,58,0,58
Q99459,PS51294,59,108,0,50
Q99489,PS00677,300,318,,19
Q99523,PS00210,561,569,,9
Q99543,PS50076,88,161,0,74
Q99543,PS00636,138,157,,20
Q99543,PS51293,449,511,0,63
Q99543,PS51293,549,604,0,56
Q99549,PS50013,59,109,0,51
Q99549,PS00598,76,96,,21
Q99549,PS50297,570,719,0,150
Q99549,PS50088,600,632,0,33
Q99549,PS50088,633,665,0,33
Q99549,PS50088,666,698,0,33
Q99570,PS50011,26,324,0,299
Q99570,PS00108,144,156,,13
Q99570,PS50077,463,493,0,31
Q99570,PS50082,989,1030,0,42
Q99570,PS50294,989,1278,0,290
Q99570,PS00678,1201,1215,,15
Q99570,PS00678,1256,1270,,15
Q99570,PS50082,1325,1358,0,34
Q99570,PS50294,1325,1358,0,34
Q99590,PS50089,41,82,0,42
Q99590,PS00518,59,68,,10
Q99607,PS50061,209,291,0,83
Q99607,PS00345,211,219,,9
Q99607,PS00346,257,272,,16
Q99615,PS50005,28,61,0,34
Q99615,PS50293,28,361,0,334
Q99615,PS50005,62,95,0,34
Q99615,PS50005,96,129,0,34
Q99615,PS50005,142,175,0,34
Q99615,PS50005,210,243,0,34
Q99615,PS50005,256,289,0,34
Q99615,PS50005,294,327,0,34
Q99615,PS50005,328,361,0,34
Q99615,PS50076,381,451,0,71
Q99627,PS50250,8,179,0,172
Q99640,PS50011,110,359,0,250
Q99640,PS00107,116,139,,24
Q99640,PS00108,229,241,,13
Q99675,PS50089,274,309,0,36
Q99678,PS50262,70,297,0,228
Q99678,PS00237,136,152,,17
Q99732,PS51837,76,160,0,85
Q99755,PS51455,81,449,0,369
Q99757,PS51352,50,166,0,117
Q99757,PS00194,82,100,,19
Q99758,PS50893,530,763,0,234
Q99758,PS00211,665,679,,15
Q99758,PS50893,1381,1614,0,234
Q99801,PS50071,122,182,0,61
Q99801,PS00027,157,180,,24
Q99816,PS51322,2,145,0,144
Q99816,PS51312,322,390,0,69
Q99832,PS00750,37,49,,13
Q99832,PS00751,58,74,,17
Q99832,PS00995,86,94,,9
Q99836,PS50017,32,109,0,78
Q99836,PS50104,159,293,0,135
Q99856,PS51011,238,330,0,93
Q99856,PS51486,444,541,0,98
Q99873,PS51678,50,371,0,322
Q99941,PS50217,325,388,0,64
Q99941,PS00036,331,345,,15
Q99942,PS50089,27,68,0,42
Q99942,PS00518,42,51,,10
Q99959,PS50176,395,430,0,36
Q99986,PS50011,37,317,0,281
Q99986,PS00107,43,71,,29
Q99986,PS00108,173,185,,13
Q99996,PS00867,495,502,,8
Q9BPX6,PS50222,218,253,0,36
Q9BPX6,PS00018,231,243,,13
Q9BPX6,PS50222,408,443,0,36
Q9BPX6,PS00018,421,433,,13
Q9BQ39,PS51195,137,165,0,29
Q9BQ39,PS51192,168,347,0,180
Q9BQ39,PS51194,380,524,0,145
Q9BQ67,PS50294,210,391,0,182
Q9BQ67,PS50082,257,292,0,36
Q9BQ67,PS50082,304,338,0,35
Q9BQ67,PS00678,323,337,,15
Q9BQ67,PS50082,349,383,0,35
Q9BQ69,PS51154,141,322,0,182
Q9BQA1,PS50294,94,293,0,200
Q9BQA1,PS50082,121,162,0,42
Q9BQA1,PS00678,140,154,,15
Q9BQA1,PS50082,163,198,0,36
Q9BQI6,PS50088,806,839,0,34
Q9BQI6,PS50297,806,918,0,113
Q9BQI6,PS50088,840,872,0,33
Q9BQI6,PS50088,874,906,0,33
Q9BQP7,PS51257,1,35,0,35
Q9BQQ3,PS51865,15,105,0,91
Q9BQQ3,PS51865,111,199,0,89
Q9BQS6,PS01031,36,147,0,112
Q9BR61,PS51228,42,127,0,86
Q9BR61,PS50297,166,256,0,91
Q9BR61,PS50088,191,223,0,33
Q9BR61,PS50088,224,256,0,33
Q9BRA0,PS52002,40,118,0,79
Q9BRK3,PS50835,29,157,0,129
Q9BRK3,PS50835,160,276,0,117
Q9BRQ6,PS51808,194,235,0,42
Q9BRS2,PS01245,320,331,,12
Q9BRX9,PS50082,21,62,0,42
Q9BRX9,PS50294,21,272,0,252
Q9BRX9,PS50082,63,104,0,42
Q9BRX9,PS00678,82,96,,15
Q9BRX9,PS50082,105,146,0,42
Q9BRX9,PS00678,250,264,,15
Q9BSJ8,PS51847,135,313,0,179
Q9BSJ8,PS50004,312,433,0,122
Q9BSJ8,PS50004,460,580,0,121
Q9BSJ8,PS50004,627,751,0,125
Q9BSJ8,PS50004,777,899,0,123
Q9BSJ8,PS00237,881,897,,17
Q9BSJ8,PS50004,971,1093,0,123
Q9BSL1,PS50030,187,231,0,45
Q9BSL1,PS50030,288,328,0,41
Q9BT17,PS51721,36,209,0,174
Q9BT23,PS50023,38,98,0,61
Q9BT23,PS00478,40,74,,35
Q9BTA9,PS01159,135,160,,26
Q9BTA9,PS50020,135,162,0,28
Q9BTC0,PS50016,268,322,0,55
Q9BTC0,PS01359,271,319,,49
Q9BTC0,PS51321,670,790,0,121
Q9BTD8,PS50102,381,459,0,79
Q9BTE7,PS51229,46,232,0,187
Q9BTT6,PS51450,37,58,0,22
Q9BTT6,PS51450,60,81,0,22
Q9BTT6,PS51450,83,104,0,22
Q9BTT6,PS51450,106,127,0,22
Q9BTT6,PS51450,129,150,0,22
Q9BTT6,PS51450,152,173,0,22
Q9BTT6,PS51450,175,196,0,22
Q9BTT6,PS51450,198,219,0,22
Q9BTT6,PS51450,221,242,0,22
Q9BTT6,PS51450,244,265,0,22
Q9BTT6,PS51450,267,288,0,22
Q9BTT6,PS51450,290,311,0,22
Q9BTT6,PS51450,313,334,0,22
Q9BTT6,PS51450,336,357,0,22
Q9BTT6,PS51450,359,381,0,23
Q9BTT6,PS51450,382,402,0,21
Q9BTU6,PS50290,124,453,0,330
Q9BUJ2,PS50800,3,37,0,35
Q9BUJ2,PS50188,191,388,0,198
Q9BUK6,PS00136,536,547,,12
Q9BUL5,PS01186,342,356,,15
Q9BUQ8,PS51195,391,419,0,29
Q9BUQ8,PS51192,422,627,0,206
Q9BUQ8,PS00039,547,555,,9
Q9BUQ8,PS51194,651,799,0,149
Q9BUR4,PS50294,321,450,0,130
Q9BUR4,PS50082,363,398,0,36
Q9BUR4,PS50082,421,441,0,21
Q9BUT1,PS00061,134,162,,29
Q9BUZ4,PS50089,18,58,0,41
Q9BUZ4,PS00518,34,43,,10
Q9BUZ4,PS50145,102,154,0,53
Q9BUZ4,PS50145,155,208,0,54
Q9BUZ4,PS50145,209,266,0,58
Q9BUZ4,PS50144,307,462,0,156
Q9BV38,PS50294,22,306,0,285
Q9BV38,PS50082,117,150,0,34
Q9BV38,PS00678,189,203,,15
Q9BV38,PS50082,189,211,0,23
Q9BV38,PS50082,265,306,0,42
Q9BV38,PS00678,284,298,,15
Q9BV40,PS50892,12,72,0,61
Q9BV40,PS00417,30,49,,20
Q9BV44,PS51165,165,285,0,121
Q9BV44,PS01261,325,336,,12
Q9BVA0,PS50082,16,58,0,43
Q9BVA0,PS50294,16,253,0,238
Q9BVA0,PS50082,59,100,0,42
Q9BVA0,PS50082,101,142,0,42
Q9BVA0,PS00678,120,134,,15
Q9BVA0,PS50082,143,184,0,42
Q9BVA0,PS00678,162,176,,15
Q9BVA0,PS50082,185,226,0,42
Q9BVA0,PS00678,204,218,,15
Q9BVI0,PS50157,452,482,0,31
Q9BVI0,PS00028,454,477,,24
Q9BVI0,PS01359,655,697,,43
Q9BVN2,PS50826,522,666,0,145
Q9BVN2,PS50002,844,902,0,59
Q9BVP2,PS51721,131,312,0,182
Q9BVS4,PS01245,224,235,,12
Q9BW19,PS50067,310,663,0,354
Q9BW19,PS00411,559,570,,12
Q9BW60,PS01188,137,145,,9
Q9BWF2,PS50089,7,50,0,44
Q9BWF3,PS50102,2,72,0,71
Q9BWF3,PS50102,78,148,0,71
Q9BWF3,PS50158,162,176,0,15
Q9BWU0,PS50006,135,195,1,61
Q9BWV1,PS51257,1,28,0,28
Q9BWV1,PS50835,36,123,0,88
Q9BWV1,PS50835,139,213,0,75
Q9BWV1,PS50835,235,304,0,70
Q9BWV1,PS50835,323,409,0,87
Q9BWV1,PS50853,474,571,0,98
Q9BWV1,PS50853,608,703,0,96
Q9BWV1,PS50853,712,812,0,101
Q9BWV1,PS00092,1044,1050,,7
Q9BWV1,PS00086,1050,1059,,10
Q9BWX1,PS51805,30,145,0,116
Q9BWX1,PS50089,160,208,0,49
Q9BX63,PS51193,11,442,0,432
Q9BX68,PS51084,55,163,0,109
Q9BX68,PS00892,136,154,,19
Q9BXB4,PS50003,58,155,1,98
Q9BXB4,PS01013,507,517,,11
Q9BXF3,PS50014,434,538,0,105
Q9BXF3,PS00633,456,513,,58
Q9BXL6,PS50209,15,107,0,93
Q9BXL6,PS50106,568,658,0,91
Q9BXL6,PS50052,858,990,0,133
Q9BXL8,PS51053,30,77,0,48
Q9BXM0,PS50106,16,85,0,70
Q9BY08,PS51751,39,184,0,146
Q9BY12,PS00028,794,816,,23
Q9BY67,PS50835,40,139,0,100
Q9BY67,PS50835,144,238,0,95
Q9BY67,PS50835,243,317,0,75
Q9BYB4,PS50294,16,105,0,90
Q9BYB4,PS50294,180,327,0,148
Q9BYB4,PS00678,181,195,,15
Q9BYB4,PS50082,291,327,0,37
Q9BYE2,PS50287,195,316,0,122
Q9BYE2,PS50240,326,559,0,234
Q9BYE2,PS00134,362,367,,6
Q9BYE2,PS00135,505,516,,12
Q9BYG3,PS50102,45,123,0,79
Q9BYN7,PS50157,53,81,0,29
Q9BYN7,PS50157,322,349,0,28
Q9BYN7,PS00028,324,344,,21
Q9BYN7,PS50157,350,377,0,28
Q9BYN7,PS00028,352,372,,21
Q9BYN7,PS50157,445,472,0,28
Q9BYN7,PS00028,447,467,,21
Q9BYN7,PS50157,473,502,0,30
Q9BYN7,PS00028,475,497,,23
Q9BYN7,PS50157,503,526,0,24
Q9BYN7,PS00028,505,525,,21
Q9BYN7,PS50157,540,569,0,30
Q9BYN7,PS00028,542,564,,23
Q9BYN7,PS50157,566,588,0,23
Q9BYN7,PS00028,568,588,,21
Q9BYN7,PS50157,594,621,0,28
Q9BYN7,PS00028,596,616,,21
Q9BYN7,PS50157,622,649,0,28
Q9BYN7,PS00028,624,644,,21
Q9BYN7,PS50157,650,682,0,33
Q9BYN7,PS50157,683,710,0,28
Q9BYN7,PS00028,685,705,,21
Q9BYV9,PS50097,37,103,0,67
Q9BYV9,PS00036,651,666,,16
Q9BYV9,PS50217,651,696,0,46
Q9BZ67,PS50057,30,376,0,347
Q9BZC7,PS50893,990,1221,0,232
Q9BZC7,PS00211,1123,1137,,15
Q9BZC7,PS00213,1423,1436,,14
Q9BZC7,PS00022,1640,1651,,12
Q9BZC7,PS50893,2050,2285,0,236
Q9BZE4,PS51710,169,340,0,172
Q9BZE9,PS50033,386,462,0,77
Q9BZF9,PS50297,38,264,0,227
Q9BZF9,PS50088,67,99,0,33
Q9BZF9,PS50088,100,132,0,33
Q9BZF9,PS50088,133,165,0,33
Q9BZF9,PS50088,166,198,0,33
Q9BZF9,PS50088,199,231,0,33
Q9BZF9,PS50192,1318,1380,0,63
Q9BZG1,PS51419,45,258,0,214
Q9BZH6,PS00678,86,100,,15
Q9BZH6,PS00678,371,385,,15
Q9BZH6,PS00678,723,737,,15
Q9BZH6,PS00382,850,863,,14
Q9BZR6,PS51450,82,103,0,22
Q9BZR6,PS51450,106,128,0,23
Q9BZR6,PS51450,155,176,0,22
Q9BZR6,PS51450,179,200,0,22
Q9BZR6,PS51450,203,224,0,22
Q9BZR6,PS51450,227,248,0,22
Q9BZR8,PS50062,270,317,0,48
Q9BZR9,PS50089,15,56,0,42
Q9BZR9,PS00518,30,39,,10
Q9BZS1,PS00028,199,222,,24
Q9BZS1,PS50039,337,423,0,87
Q9BZS1,PS00658,381,387,,7
Q9BZV1,PS50033,332,408,0,77
Q9C000,PS50824,1,92,0,92
Q9C000,PS50837,328,637,0,310
Q9C000,PS51450,809,830,0,22
Q9C000,PS51450,866,887,0,22
Q9C000,PS51450,923,944,0,22
Q9C000,PS51830,1079,1364,0,286
Q9C000,PS50209,1380,1463,0,84
Q9C019,PS50089,16,61,0,46
Q9C019,PS00518,31,40,,10
Q9C019,PS50119,78,119,0,42
Q9C019,PS50188,276,465,0,190
Q9C037,PS50089,12,53,0,42
Q9C037,PS00518,27,36,,10
Q9C037,PS50119,82,123,0,42
Q9C037,PS50188,288,500,0,213
Q9C099,PS51450,44,65,0,22
Q9C099,PS51450,66,87,0,22
Q9C099,PS51450,88,109,0,22
Q9C099,PS51450,110,131,0,22
Q9C099,PS51450,136,157,0,22
Q9C0A1,PS00028,239,259,,21
Q9C0A1,PS50157,453,481,0,29
Q9C0A1,PS00028,455,476,,22
Q9C0A1,PS00028,1011,1032,,22
Q9C0A1,PS50157,1191,1222,0,32
Q9C0A1,PS00028,1193,1215,,23
Q9C0A1,PS50157,1248,1277,0,30
Q9C0A1,PS00028,1250,1272,,23
Q9C0A1,PS50157,1480,1508,0,29
Q9C0A1,PS00028,1482,1503,,22
Q9C0A1,PS50071,1593,1653,0,61
Q9C0A1,PS50157,1769,1791,0,23
Q9C0A1,PS00028,1771,1791,,21
Q9C0A1,PS50071,1855,1915,0,61
Q9C0A1,PS00027,1890,1913,,24
Q9C0A1,PS50071,2063,2123,0,61
Q9C0A1,PS00028,2148,2170,,23
Q9C0A1,PS00028,2497,2519,,23
Q9C0C7,PS50294,49,133,0,85
Q9C0C7,PS50082,91,125,0,35
Q9C0C7,PS00678,111,125,,15
Q9C0C9,PS50127,953,1113,0,161
Q9C0J8,PS50294,115,412,0,298
Q9C0J8,PS50082,157,189,0,33
Q9C0J8,PS50082,198,230,0,33
Q9C0J8,PS50082,240,266,0,27
Q9C0J8,PS50082,284,325,0,42
Q9C0J8,PS00213,293,305,,13
Q9C0J8,PS50082,327,361,0,35
Q9C0J8,PS50082,371,402,0,32
Q9GZL7,PS50294,97,422,0,326
Q9GZL7,PS50082,136,171,0,36
Q9GZL7,PS50082,185,217,0,33
Q9GZL7,PS50082,253,293,0,41
Q9GZL7,PS00678,271,285,,15
Q9GZL7,PS50082,303,325,0,23
Q9GZL7,PS50082,338,374,0,37
Q9GZL7,PS00678,358,372,,15
Q9GZQ3,PS51269,151,215,0,65
Q9GZR1,PS50600,666,1041,0,376
Q9GZS3,PS50082,12,48,0,37
Q9GZS3,PS50294,12,305,0,294
Q9GZS3,PS50082,60,101,0,42
Q9GZS3,PS00678,79,93,,15
Q9GZS3,PS50082,144,185,0,42
Q9GZS3,PS50082,186,227,0,42
Q9GZS3,PS50082,228,269,0,42
Q9GZS3,PS50082,270,305,0,36
Q9GZT3,PS50102,19,103,0,85
Q9GZT9,PS01360,21,58,,38
Q9GZT9,PS50865,21,58,0,38
Q9GZT9,PS51471,291,392,0,102
Q9GZU1,PS00120,104,113,,10
Q9GZV3,PS50283,4,456,0,453
Q9GZV5,PS50020,124,157,0,34
Q9GZV5,PS01159,130,155,,26
Q9GZV8,PS50280,251,367,0,117
Q9GZV8,PS50157,400,431,0,32
Q9GZV8,PS50157,432,460,0,29
Q9GZV8,PS00028,434,455,,22
Q9GZV8,PS50157,461,488,0,28
Q9GZV8,PS00028,463,483,,21
Q9GZV8,PS50157,489,516,0,28
Q9GZV8,PS00028,491,511,,21
Q9GZV8,PS50157,517,545,0,29
Q9GZV8,PS00028,519,540,,22
Q9GZV8,PS00028,546,568,,23
Q9GZV8,PS50157,546,571,0,26
Q9GZZ9,PS00065,76,104,,29
Q9H040,PS00142,108,117,,10
Q9H040,PS51908,453,480,0,28
Q9H089,PS51721,164,444,0,281
Q9H095,PS50096,393,422,0,30
Q9H0A0,PS51186,558,753,0,196
Q9H0A6,PS50089,127,169,0,43
Q9H0A6,PS50096,186,215,0,30
Q9H0A6,PS50089,293,352,0,60
Q9H0A8,PS51269,130,199,0,70
Q9H0B6,PS50005,198,231,0,34
Q9H0B6,PS50293,198,399,0,202
Q9H0B6,PS01160,223,264,,42
Q9H0B6,PS50005,240,273,0,34
Q9H0B6,PS01160,265,306,,42
Q9H0B6,PS50005,282,315,0,34
Q9H0B6,PS50005,324,357,0,34
Q9H0B6,PS50005,366,399,0,34
Q9H0C2,PS50920,18,110,0,93
Q9H0C2,PS50920,123,213,0,91
Q9H0C2,PS50920,220,307,0,88
Q9H0E2,PS50004,35,152,0,118
Q9H0E2,PS51140,229,272,0,44
Q9H0E9,PS50014,706,811,0,106
Q9H0E9,PS50014,1099,1207,0,109
Q9H0F6,PS50199,348,377,0,30
Q9H0F6,PS01358,352,371,,20
Q9H0H5,PS50081,286,335,1,50
Q9H0H5,PS00479,287,335,,49
Q9H0H5,PS50238,349,539,0,191
Q9H0I2,PS51665,251,343,0,93
Q9H116,PS50097,31,103,0,73
Q9H116,PS50157,317,340,0,24
Q9H116,PS00028,319,340,,22
Q9H116,PS50157,348,376,0,29
Q9H116,PS00028,350,371,,22
Q9H116,PS50157,377,405,0,29
Q9H116,PS00028,379,400,,22
Q9H116,PS50157,407,434,0,28
Q9H116,PS00028,409,429,,21
Q9H116,PS50157,435,462,0,28
Q9H116,PS00028,437,457,,21
Q9H116,PS50157,463,490,0,28
Q9H116,PS00028,465,485,,21
Q9H116,PS50157,491,518,0,28
Q9H116,PS00028,493,513,,21
Q9H116,PS50157,519,546,0,28
Q9H116,PS00028,521,541,,21
Q9H116,PS50157,547,574,0,28
Q9H116,PS00028,548,569,,22
Q9H116,PS50157,575,602,0,28
Q9H116,PS00028,577,597,,21
Q9H160,PS50016,212,261,0,50
Q9H160,PS01359,215,258,,44
Q9H161,PS50071,212,272,0,61
Q9H161,PS00027,247,270,,24
Q9H161,PS50803,391,404,0,14
Q9H1I8,PS51140,467,510,0,44
Q9H1K0,PS50157,14,42,0,29
Q9H1K0,PS00028,16,37,,22
Q9H1K0,PS50178,157,260,0,104
Q9H1P3,PS01013,174,184,,11
Q9H1Z4,PS50082,213,254,0,42
Q9H1Z4,PS50294,213,254,0,42
Q9H1Z4,PS50294,424,485,0,62
Q9H1Z4,PS50082,449,485,0,37
Q9H2G2,PS50011,34,292,0,259
Q9H2G2,PS00107,40,63,,24
Q9H2G2,PS00108,151,163,,13
Q9H2G2,PS50151,875,910,0,36
Q9H2U1,PS51192,217,387,0,171
Q9H2U1,PS00690,329,338,,10
Q9H2U1,PS51194,477,647,0,171
Q9H2V7,PS50850,61,489,0,429
Q9H2W2,PS50071,84,144,0,61
Q9H2W2,PS00027,119,142,,24
Q9H329,PS50057,85,369,0,285
Q9H329,PS00661,247,276,,30
Q9H3H1,PS00028,397,419,,23
Q9H3N1,PS51352,7,132,0,126
Q9H3N1,PS00194,48,66,,19
Q9H3P2,PS51838,89,248,0,160
Q9H3P7,PS51228,83,174,0,92
Q9H3P7,PS00880,104,122,,19
Q9H3P7,PS50866,384,526,0,143
Q9H3Z4,PS50076,15,80,0,66
Q9H3Z4,PS00636,57,76,,20
Q9H467,PS51140,144,187,0,44
Q9H4A3,PS50011,221,479,0,259
Q9H4A3,PS00108,345,357,,13
Q9H4B6,PS50020,199,232,0,34
Q9H4B6,PS50020,234,267,0,34
Q9H4B6,PS50951,321,368,0,48
Q9H4H8,PS00178,319,329,,11
Q9H4I2,PS50071,319,362,0,44
Q9H4I2,PS50071,502,552,0,51
Q9H4I2,PS50071,622,670,0,49
Q9H4I2,PS50071,772,822,0,51
Q9H4L4,PS50600,386,543,0,158
Q9H4L7,PS51140,157,199,0,43
Q9H4L7,PS51140,251,294,0,44
Q9H4L7,PS51192,509,677,0,169
Q9H4L7,PS51194,858,1010,0,153
Q9H4Q4,PS50280,86,203,0,118
Q9H4Q4,PS50157,243,270,0,28
Q9H4Q4,PS00028,245,265,,21
Q9H4Q4,PS50157,271,298,0,28
Q9H4Q4,PS00028,273,293,,21
Q9H4Q4,PS50157,299,328,0,30
Q9H4Q4,PS00028,301,323,,23
Q9H4Z2,PS50157,245,268,0,24
Q9H4Z2,PS50157,465,492,0,28
Q9H4Z2,PS00028,467,487,,21
Q9H4Z2,PS50157,495,522,0,28
Q9H4Z2,PS50157,523,550,0,28
Q9H4Z2,PS50157,562,589,0,28
Q9H4Z2,PS00028,564,584,,21
Q9H4Z2,PS50157,590,612,0,23
Q9H4Z2,PS00028,592,612,,21
Q9H4Z2,PS50157,621,648,0,28
Q9H4Z2,PS00028,623,643,,21
Q9H4Z2,PS50157,649,677,0,29
Q9H4Z2,PS50157,678,706,0,29
Q9H4Z2,PS50157,1019,1046,0,28
Q9H4Z2,PS00028,1021,1041,,21
Q9H4Z2,PS50157,1047,1074,0,28
Q9H4Z2,PS50157,1075,1102,0,28
Q9H4Z2,PS50157,1103,1131,0,29
Q9H4Z2,PS00028,1105,1126,,22
Q9H4Z3,PS50020,43,77,0,35
Q9H5H4,PS50157,261,288,0,28
Q9H5H4,PS00028,263,283,,21
Q9H5H4,PS50157,289,316,0,28
Q9H5H4,PS00028,291,311,,21
Q9H5H4,PS50157,317,344,0,28
Q9H5H4,PS00028,319,339,,21
Q9H5H4,PS50157,345,372,0,28
Q9H5H4,PS00028,347,369,,23
Q9H5H4,PS50157,373,400,0,28
Q9H5H4,PS00028,375,395,,21
Q9H5H4,PS50157,401,428,0,28
Q9H5H4,PS00028,403,423,,21
Q9H5H4,PS50157,429,456,0,28
Q9H5H4,PS00028,431,451,,21
Q9H5H4,PS50157,457,484,0,28
Q9H5H4,PS00028,459,479,,21
Q9H5H4,PS50157,485,512,0,28
Q9H5H4,PS00028,487,507,,21
Q9H5H4,PS50157,513,540,0,28
Q9H5H4,PS00028,515,535,,21
Q9H5J4,PS01188,137,145,,9
Q9H5N1,PS00879,231,244,,14
Q9H5P4,PS50106,86,156,0,71
Q9H5P4,PS50106,210,279,0,70
Q9H5P4,PS50106,862,934,0,73
Q9H5V7,PS50157,82,109,0,28
Q9H5V7,PS50157,110,137,0,28
Q9H5V7,PS50157,138,161,0,24
Q9H5V7,PS00028,140,161,,22
Q9H5V7,PS50157,364,391,0,28
Q9H5V7,PS00028,366,386,,21
Q9H5V7,PS00028,394,416,,23
Q9H5Y7,PS51257,1,15,0,15
Q9H5Y7,PS51450,113,134,0,22
Q9H5Y7,PS51450,137,158,0,22
Q9H5Y7,PS51450,161,182,0,22
Q9H5Y7,PS51450,184,205,0,22
Q9H5Y7,PS51450,388,409,0,22
Q9H5Y7,PS51450,412,433,0,22
Q9H5Y7,PS51450,436,457,0,22
Q9H5Y7,PS51450,460,481,0,22
Q9H5Y7,PS51450,483,504,0,22
Q9H6A0,PS50211,55,445,0,391
Q9H6E5,PS50102,56,128,0,73
Q9H6R3,PS00455,296,307,,12
Q9H6S0,PS51061,38,106,0,69
Q9H6S0,PS51192,203,369,0,167
Q9H6S0,PS50297,487,571,0,85
Q9H6S0,PS50088,506,538,0,33
Q9H6S0,PS51194,612,784,0,173
Q9H6S0,PS50882,1288,1418,0,131
Q9H6W3,PS51184,294,439,0,146
Q9H6Y7,PS50089,230,272,0,43
Q9H6Z4,PS50196,385,466,0,82
Q9H6Z9,PS51471,116,214,0,99
Q9H788,PS50001,347,440,0,94
Q9H792,PS50011,1313,1675,0,363
Q9H792,PS00109,1512,1524,,13
Q9H7B2,PS50833,31,234,0,204
Q9H7B4,PS51574,1,428,0,428
Q9H7B4,PS50280,4,240,0,237
Q9H7B4,PS01360,49,87,,39
Q9H7B4,PS50865,49,87,0,39
Q9H7E2,PS50030,193,233,0,41
Q9H7E2,PS50304,555,615,0,61
Q9H7Z6,PS51726,174,447,0,274
Q9H819,PS50076,82,146,0,65
Q9H819,PS00636,123,142,,20
Q9H819,PS00092,248,254,,7
Q9H832,PS50127,99,253,0,155
Q9H840,PS51938,1,29,0,29
Q9H840,PS52002,65,131,0,67
Q9H871,PS50896,114,146,0,33
Q9H871,PS50897,153,210,0,58
Q9H871,PS51867,336,377,0,42
Q9H892,PS50005,106,139,0,34
Q9H892,PS50293,106,207,0,102
Q9H892,PS50005,140,173,0,34
Q9H892,PS50005,174,207,0,34
Q9H892,PS00867,200,207,,8
Q9H8H2,PS51195,230,259,0,30
Q9H8H2,PS51192,262,443,0,182
Q9H8H2,PS00039,386,394,,9
Q9H8H2,PS51194,480,659,0,180
Q9H8M2,PS50014,136,240,0,105
Q9H8M7,PS00237,136,152,,17
Q9H8T0,PS50127,74,222,0,149
Q9H8V3,PS50172,176,251,0,76
Q9H8V3,PS50172,266,354,0,89
Q9H8V3,PS50010,452,641,0,190
Q9H8V3,PS00741,589,614,,26
Q9H8W5,PS50089,29,98,0,70
Q9H8W5,PS00518,44,53,,10
Q9H8W5,PS50119,130,176,0,47
Q9H8W5,PS50119,186,222,0,37
Q9H8W5,PS50194,394,497,0,104
Q9H8Y5,PS00028,74,96,,23
Q9H8Y5,PS52044,203,346,0,144
Q9H8Y5,PS50088,534,566,0,33
Q9H8Y5,PS50297,534,599,0,66
Q9H8Y8,PS51865,15,105,0,91
Q9H8Y8,PS51865,111,199,0,89
Q9H977,PS50294,160,289,0,130
Q9H977,PS50082,248,282,0,35
Q9H992,PS51292,544,614,0,71
Q9H9F9,PS00432,551,559,,9
Q9H9G7,PS50821,230,349,0,120
Q9H9G7,PS50822,518,819,0,302
Q9H9H4,PS51314,84,173,0,90
Q9H9J2,PS50137,236,306,0,71
Q9H9P2,PS50041,35,179,0,145
Q9H9S0,PS50071,93,153,0,61
Q9H9S0,PS00027,128,151,,24
Q9H9T3,PS51918,82,372,0,291
Q9H9T3,PS51186,396,547,0,152
Q9H9Y2,PS50833,142,325,0,184
Q9H9Y6,PS01166,880,892,,13
Q9H9Z2,PS51857,39,111,0,73
Q9H9Z2,PS50158,138,153,0,16
Q9HA38,PS00028,72,94,,23
Q9HA38,PS00028,149,171,,23
Q9HAD4,PS50082,39,79,0,41
Q9HAD4,PS50294,39,128,0,90
Q9HAD4,PS50082,80,128,0,49
Q9HAD4,PS00678,106,120,,15
Q9HAD4,PS50082,319,359,0,41
Q9HAD4,PS50294,319,359,0,41
Q9HAD4,PS00678,337,351,,15
Q9HAI6,PS00061,42,70,,29
Q9HAU0,PS50020,10,43,0,34
Q9HAU0,PS01159,16,41,,26
Q9HAU0,PS50020,56,89,0,34
Q9HAU0,PS50003,169,268,1,100
Q9HAV7,PS01071,170,213,,44
Q9HB20,PS50003,1,93,1,93
Q9HB21,PS50003,7,112,1,106
Q9HB21,PS50003,191,289,1,99
Q9HB58,PS51414,1,108,0,108
Q9HB58,PS50864,454,535,0,82
Q9HB58,PS50016,534,580,0,47
Q9HB58,PS01359,537,577,,41
Q9HB58,PS50014,583,674,0,92
Q9HB65,PS51980,285,395,0,111
Q9HB71,PS51203,73,167,0,95
Q9HB71,PS51048,151,228,0,78
Q9HB75,PS51450,126,147,0,22
Q9HB75,PS51450,149,171,0,23
Q9HB75,PS51450,172,194,0,23
Q9HB75,PS51450,195,216,0,22
Q9HB75,PS51450,218,240,0,23
Q9HB75,PS51450,241,263,0,23
Q9HB75,PS51450,264,285,0,22
Q9HB75,PS51145,322,454,0,133
Q9HB75,PS51145,455,596,0,142
Q9HB75,PS50017,788,873,0,86
Q9HB90,PS00214,163,180,,18
Q9HBE1,PS50097,41,130,0,90
Q9HBE1,PS00354,262,272,,11
Q9HBE1,PS50157,292,314,0,23
Q9HBE1,PS00028,294,314,,21
Q9HBE1,PS50157,355,382,0,28
Q9HBE1,PS00028,357,377,,21
Q9HBE1,PS50157,383,410,0,28
Q9HBE1,PS00028,385,405,,21
Q9HBE1,PS50157,413,441,0,29
Q9HBE1,PS00028,415,436,,22
Q9HBE1,PS50157,442,469,0,28
Q9HBE1,PS00028,444,464,,21
Q9HBE1,PS50157,495,519,0,25
Q9HBE1,PS00028,497,518,,22
Q9HBE1,PS50157,605,628,0,24
Q9HBE1,PS00028,607,628,,22
Q9HBF4,PS50178,598,659,0,62
Q9HBF4,PS50178,715,775,0,61
Q9HBG6,PS50082,49,80,0,32
Q9HBG6,PS50294,49,90,0,42
Q9HBL0,PS50081,20,67,1,48
Q9HBL0,PS00479,21,67,,47
Q9HBL0,PS51181,129,301,0,173
Q9HBL0,PS51182,306,432,0,127
Q9HBL0,PS00138,1083,1093,,11
Q9HBL0,PS50001,1567,1676,0,110
Q9HC21,PS50920,13,106,0,94
Q9HC21,PS50920,116,202,0,87
Q9HC21,PS50920,214,309,0,96
Q9HC21,PS00290,305,311,,7
Q9HC29,PS50209,26,109,0,84
Q9HC29,PS50209,134,218,0,85
Q9HC29,PS50837,293,429,0,137
Q9HC29,PS51450,844,865,0,22
Q9HC29,PS51450,928,949,0,22
Q9HC29,PS51450,956,976,0,21
Q9HC29,PS51450,984,1005,0,22
Q9HC35,PS00018,384,396,,13
Q9HC35,PS00135,469,480,,12
Q9HC35,PS50082,505,537,0,33
Q9HC35,PS50294,505,546,0,42
Q9HC35,PS50082,588,620,0,33
Q9HC35,PS50294,588,758,0,171
Q9HC35,PS00678,607,621,,15
Q9HC35,PS00778,689,705,,17
Q9HC35,PS50082,717,758,0,42
Q9HC35,PS50082,830,864,0,35
Q9HC35,PS50294,830,872,0,43
Q9HC52,PS50013,11,69,0,59
Q9HC52,PS00598,28,48,,21
Q9HC62,PS50600,395,559,0,165
Q9HCC0,PS50980,49,306,0,258
Q9HCC0,PS50989,309,555,0,247
Q9HCC9,PS50178,817,873,0,57
Q9HCE1,PS00014,1000,1003,,4
Q9HCE5,PS51592,65,456,0,392
Q9HCE5,PS51143,147,383,0,237
Q9HCG8,PS51366,454,570,0,117
Q9HCI7,PS50089,44,85,0,42
Q9HCI7,PS52051,457,508,0,52
Q9HCK8,PS50013,724,790,0,67
Q9HCK8,PS51192,823,997,0,175
Q9HCK8,PS51194,1137,1288,0,152
Q9HCS7,PS50005,110,143,0,34
Q9HCS7,PS50005,256,289,0,34
Q9HCS7,PS50293,256,289,0,34
Q9HCS7,PS50005,395,428,0,34
Q9HCS7,PS50293,395,466,0,72
Q9HCS7,PS50005,433,466,0,34
Q9HCS7,PS50293,484,551,0,68
Q9HD26,PS50106,288,371,0,84
Q9HD26,PS00626,303,313,,11
Q9HD43,PS50853,32,121,0,90
Q9HD43,PS50853,122,209,0,88
Q9HD43,PS50853,210,299,0,90
Q9HD43,PS50853,300,387,0,88
Q9HD43,PS50853,388,477,0,90
Q9HD43,PS50853,478,563,0,86
Q9HD43,PS50853,564,666,0,103
Q9HD43,PS50055,820,1079,0,260
Q9HD43,PS50056,997,1070,0,74
Q9HD43,PS00383,1018,1028,,11
Q9HD67,PS51456,63,739,0,677
Q9HD67,PS50096,743,766,0,24
Q9HD67,PS50096,788,817,0,30
Q9HD67,PS50003,1212,1310,1,99
Q9HD67,PS50003,1392,1497,1,106
Q9HD67,PS51016,1547,1695,0,149
Q9HD67,PS50057,1700,2044,0,345
Q9NNW5,PS50082,205,238,0,34
Q9NNW5,PS50294,205,335,0,131
Q9NNW5,PS00678,932,946,,15
Q9NP58,PS50929,266,556,0,291
Q9NP58,PS50893,590,824,0,235
Q9NP58,PS00211,727,741,,15
Q9NP64,PS50126,16,88,0,73
Q9NP64,PS50158,133,146,0,14
Q9NP72,PS51419,2,199,0,198
Q9NP72,PS00675,11,24,,14
Q9NP78,PS50929,189,471,0,283
Q9NP78,PS50893,504,740,0,237
Q9NP78,PS00211,643,657,,15
Q9NPB9,PS50262,58,303,0,246
Q9NPB9,PS00237,125,141,,17
Q9NPC7,PS50097,24,89,0,66
Q9NPC7,PS50157,302,329,0,28
Q9NPC7,PS00028,304,324,,21
Q9NPC7,PS50157,330,357,0,28
Q9NPC7,PS00028,332,352,,21
Q9NPC7,PS50157,358,386,0,29
Q9NPC7,PS00028,360,381,,22
Q9NPC7,PS50157,387,414,0,28
Q9NPC7,PS00028,389,409,,21
Q9NPC7,PS50157,415,442,0,28
Q9NPC7,PS00028,417,437,,21
Q9NPC7,PS50157,443,470,0,28
Q9NPC7,PS00028,445,465,,21
Q9NPC7,PS50157,471,498,0,28
Q9NPC7,PS00028,473,493,,21
Q9NPC7,PS50157,499,527,0,29
Q9NPC7,PS00028,501,522,,22
Q9NPD8,PS50127,2,152,0,151
Q9NPD8,PS00183,75,90,,16
Q9NPF4,PS01016,94,114,,21
Q9NPI1,PS50014,131,235,0,105
Q9NPP4,PS50209,1,88,0,88
Q9NPP4,PS50837,163,252,0,90
Q9NPY3,PS50041,32,165,0,134
Q9NPY3,PS01186,285,300,,16
Q9NPY3,PS50026,302,340,0,39
Q9NPY3,PS01186,328,343,,16
Q9NPY3,PS01187,345,367,,23
Q9NPY3,PS50026,345,379,0,35
Q9NPY3,PS00010,358,369,,12
Q9NPY3,PS01187,385,409,,25
Q9NPY3,PS50026,385,426,0,42
Q9NPY3,PS00010,400,411,,12
Q9NPY3,PS01187,427,452,,26
Q9NPY3,PS00010,443,454,,12
Q9NPY3,PS01186,452,467,,16
Q9NQ88,PS00175,8,17,,10
Q9NQC3,PS50845,1005,1192,0,188
Q9NQC7,PS50245,153,198,0,46
Q9NQC7,PS00845,253,286,,34
Q9NQC7,PS50245,492,535,0,44
Q9NQC7,PS50235,592,950,0,359
Q9NQC7,PS00972,593,608,,16
Q9NQE9,PS51084,49,160,0,112
Q9NQQ7,PS00061,100,128,,29
Q9NQR1,PS51571,42,393,0,352
Q9NQR1,PS50280,257,378,0,122
Q9NQR4,PS50263,4,248,0,245
Q9NQV6,PS50280,208,326,0,119
Q9NQV6,PS50157,355,382,0,28
Q9NQV6,PS00028,357,377,,21
Q9NQV6,PS50157,530,557,0,28
Q9NQV6,PS00028,532,552,,21
Q9NQV6,PS50157,560,587,0,28
Q9NQV6,PS00028,562,582,,21
Q9NQV6,PS50157,588,615,0,28
Q9NQV6,PS00028,590,610,,21
Q9NQV6,PS50157,616,640,0,25
Q9NQV6,PS00028,618,639,,22
Q9NQV6,PS50157,644,671,0,28
Q9NQV6,PS00028,646,666,,21
Q9NQV6,PS50157,672,700,0,29
Q9NQV6,PS00028,674,695,,22
Q9NQV6,PS50157,727,755,0,29
Q9NQV6,PS00028,729,750,,22
Q9NQV6,PS50157,772,800,0,29
Q9NQV6,PS00028,774,795,,22
Q9NQV6,PS50157,834,857,0,24
Q9NQV6,PS00028,835,857,,23
Q9NQV8,PS50280,16,131,0,116
Q9NQV8,PS00227,475,481,,7
Q9NQV8,PS50157,625,653,0,29
Q9NQV8,PS00028,627,648,,22
Q9NQV8,PS50157,666,689,0,24
Q9NQV8,PS00028,668,688,,21
Q9NQX1,PS50280,8,124,0,117
Q9NQX1,PS50157,167,195,0,29
Q9NQX1,PS00028,169,190,,22
Q9NQX1,PS50157,199,229,0,31
Q9NQX1,PS50157,234,261,0,28
Q9NQX1,PS50157,262,292,0,31
Q9NQX1,PS00028,264,287,,24
Q9NQX1,PS50157,295,317,0,23
Q9NQX1,PS00028,297,317,,21
Q9NQX1,PS50157,320,347,0,28
Q9NQX1,PS00028,322,342,,21
Q9NQX1,PS50157,348,375,0,28
Q9NQX1,PS00028,350,370,,21
Q9NQX1,PS50157,376,403,0,28
Q9NQX1,PS00028,378,398,,21
Q9NQX1,PS50157,404,431,0,28
Q9NQX1,PS00028,406,426,,21
Q9NQX1,PS50157,432,460,0,29
Q9NQX1,PS00028,434,455,,22
Q9NQX1,PS50157,461,488,0,28
Q9NQX1,PS00028,463,483,,21
Q9NQX1,PS50157,489,516,0,28
Q9NQX1,PS00028,491,511,,21
Q9NQX1,PS50157,517,544,0,28
Q9NQX1,PS00028,519,539,,21
Q9NQX1,PS50157,545,572,0,28
Q9NQX1,PS00028,547,567,,21
Q9NQX1,PS50157,573,600,0,28
Q9NQX1,PS00028,575,595,,21
Q9NQX1,PS50157,602,625,0,24
Q9NQX1,PS00028,604,625,,22
Q9NQX3,PS01078,81,94,,14
Q9NQX3,PS01079,575,610,,36
Q9NQY0,PS51021,9,232,0,224
Q9NR09,PS50143,289,359,0,71
Q9NR09,PS50127,4573,4740,0,168
Q9NR21,PS50918,22,106,0,85
Q9NR21,PS51059,123,338,0,216
Q9NR31,PS51422,19,197,0,179
Q9NR45,PS50844,294,353,0,60
Q9NR48,PS51215,2091,2142,0,52
Q9NR48,PS50280,2145,2261,0,117
Q9NR48,PS50868,2269,2285,0,17
Q9NR48,PS50014,2444,2550,0,107
Q9NR48,PS01359,2588,2628,,41
Q9NR48,PS51038,2661,2798,0,138
Q9NR55,PS50217,35,98,0,64
Q9NR55,PS00036,40,55,,16
Q9NRA0,PS50146,178,325,0,148
Q9NRA2,PS50850,42,482,0,441
Q9NRC8,PS50305,82,329,0,248
Q9NRG9,PS50294,147,324,0,178
Q9NRG9,PS50082,247,282,0,36
Q9NRG9,PS00678,260,274,,15
Q9NRL2,PS51136,22,128,0,107
Q9NRL2,PS50827,422,487,0,66
Q9NRL2,PS50016,1148,1198,0,51
Q9NRL2,PS01359,1151,1195,,45
Q9NRL2,PS50014,1430,1533,0,104
Q9NRL2,PS00633,1451,1508,,58
Q9NRP2,PS51808,11,55,0,45
Q9NRP7,PS50011,4,254,0,251
Q9NRP7,PS00107,10,33,,24
Q9NRP7,PS00108,121,133,,13
Q9NRR4,PS50142,876,1056,0,181
Q9NRR4,PS00517,966,974,,9
Q9NRR4,PS50142,1107,1233,0,127
Q9NRR4,PS00517,1144,1152,,9
Q9NRR4,PS50137,1260,1334,0,75
Q9NRS6,PS50195,1,130,0,130
Q9NS91,PS50089,25,63,0,39
Q9NS91,PS00518,41,50,,10
Q9NS91,PS51908,201,228,0,28
Q9NS91,PS50800,248,282,0,35
Q9NSI6,PS50082,182,223,0,42
Q9NSI6,PS50294,182,506,0,325
Q9NSI6,PS50082,224,265,0,42
Q9NSI6,PS50082,266,302,0,37
Q9NSI6,PS50082,364,398,0,35
Q9NSI6,PS50082,429,463,0,35
Q9NSI6,PS00678,441,455,,15
Q9NSI6,PS50082,464,506,0,43
Q9NSI6,PS00678,484,498,,15
Q9NSI6,PS50014,1157,1264,0,108
Q9NSI6,PS50014,1313,1418,0,106
Q9NSI6,PS00633,1335,1392,,58
Q9NSK0,PS50005,211,244,0,34
Q9NSK0,PS50293,211,412,0,202
Q9NSK0,PS50005,253,286,0,34
Q9NSK0,PS01160,278,319,,42
Q9NSK0,PS50005,295,328,0,34
Q9NSK0,PS01160,320,361,,42
Q9NSK0,PS50005,337,370,0,34
Q9NSK0,PS01160,362,403,,42
Q9NSK0,PS50005,379,412,0,34
Q9NSK0,PS50005,464,497,0,34
Q9NTJ5,PS50275,122,451,0,330
Q9NTK5,PS51710,23,283,0,261
Q9NTK5,PS51880,304,387,0,84
Q9NTW7,PS50157,175,202,0,28
Q9NTW7,PS00028,177,197,,21
Q9NTW7,PS50157,203,230,0,28
Q9NTW7,PS50157,231,258,0,28
Q9NTW7,PS50157,299,329,0,31
Q9NTW7,PS50157,330,357,0,28
Q9NTW7,PS00028,332,352,,21
Q9NTW7,PS50157,358,385,0,28
Q9NTW7,PS50157,386,413,0,28
Q9NTW7,PS50157,414,441,0,28
Q9NTW7,PS00028,416,436,,21
Q9NTW7,PS50157,442,466,0,25
Q9NTW7,PS00028,444,465,,22
Q9NTW7,PS50157,467,494,0,28
Q9NTW7,PS50157,495,522,0,28
Q9NTW7,PS00028,497,517,,21
Q9NTW7,PS50157,523,551,0,29
Q9NTW7,PS50157,580,607,0,28
Q9NTW7,PS00028,582,602,,21
Q9NTZ6,PS50102,304,379,0,76
Q9NTZ6,PS50102,430,507,0,78
Q9NTZ6,PS50102,856,932,0,77
Q9NU22,PS50234,5384,5583,0,200
Q9NUJ7,PS50007,35,179,0,145
Q9NUL7,PS51195,126,156,0,31
Q9NUL7,PS51192,159,351,0,193
Q9NUL7,PS51194,377,536,0,160
Q9NUT2,PS50929,150,437,0,288
Q9NUT2,PS50893,472,709,0,238
Q9NUT2,PS00211,612,626,,15
Q9NUV9,PS51720,28,230,0,203
Q9NUY8,PS50086,44,225,0,182
Q9NUY8,PS50206,334,446,0,113
Q9NV06,PS50082,62,104,0,43
Q9NV06,PS50294,62,362,0,301
Q9NV06,PS00678,82,96,,15
Q9NV06,PS50082,278,319,0,42
Q9NV06,PS50082,321,362,0,42
Q9NV31,PS50889,109,175,0,67
Q9NVF7,PS50181,61,109,0,49
Q9NVH1,PS50076,14,82,0,69
Q9NVH1,PS00636,59,78,,20
Q9NVJ2,PS51417,14,181,0,168
Q9NVM4,PS51678,14,345,0,332
Q9NVM4,PS51678,358,684,0,327
Q9NVM6,PS50076,11,76,0,66
Q9NVN8,PS51721,125,310,0,186
Q9NVN8,PS00501,563,570,,8
Q9NVP1,PS51195,179,207,0,29
Q9NVP1,PS51192,210,385,0,176
Q9NVP1,PS00039,331,339,,9
Q9NVP1,PS51194,399,569,0,171
Q9NVV9,PS50950,1,81,0,81
Q9NVX2,PS50082,110,151,0,42
Q9NVX2,PS50294,110,485,0,376
Q9NVX2,PS00678,129,143,,15
Q9NVX2,PS50082,152,193,0,42
Q9NVX2,PS50082,195,241,0,47
Q9NVX2,PS00678,219,233,,15
Q9NVX2,PS50082,242,272,0,31
Q9NVX2,PS50082,368,409,0,42
Q9NVX2,PS00678,387,401,,15
Q9NVX2,PS50082,410,451,0,42
Q9NVX2,PS00678,429,443,,15
Q9NVX2,PS50082,452,485,0,34
Q9NW08,PS01166,894,906,,13
Q9NW13,PS50102,4,80,0,77
Q9NW13,PS50102,114,191,0,78
Q9NW13,PS50102,335,419,0,85
Q9NW13,PS50102,487,597,0,111
Q9NW64,PS50103,159,186,0,28
Q9NW64,PS50102,232,305,0,74
Q9NW75,PS50174,467,513,0,47
Q9NWT1,PS50082,38,70,0,33
Q9NWT1,PS50294,38,160,0,123
Q9NWT1,PS50082,78,118,0,41
Q9NWT1,PS00678,96,110,,15
Q9NWT1,PS50082,119,160,0,42
Q9NWT1,PS00678,138,152,,15
Q9NWT1,PS50294,200,284,0,85
Q9NWT1,PS50082,257,284,0,28
Q9NWU1,PS00527,20,43,,24
Q9NWU1,PS52004,41,458,0,418
Q9NWU1,PS00606,200,216,,17
Q9NWU1,PS00107,303,333,,31
Q9NWU2,PS50896,25,57,0,33
Q9NWU2,PS50897,63,120,0,58
Q9NWZ3,PS50011,186,454,0,269
Q9NX02,PS50824,1,94,0,94
Q9NX02,PS50837,207,405,0,199
Q9NX08,PS51269,116,183,0,68
Q9NX47,PS51292,6,75,0,70
Q9NX57,PS51419,1,233,0,233
Q9NX58,PS51804,1,26,0,26
Q9NX58,PS51804,28,52,0,25
Q9NX62,PS00630,299,313,,15
Q9NX63,PS51808,180,222,0,43
Q9NX74,PS01136,110,128,,19
Q9NX76,PS51225,33,160,0,128
Q9NXA8,PS50305,33,307,0,275
Q9NXF1,PS50077,99,137,0,39
Q9NXL9,PS50051,302,505,0,204
Q9NXR5,PS50297,21,179,0,159
Q9NXR5,PS50088,57,89,0,33
Q9NXR5,PS50088,91,123,0,33
Q9NXR5,PS50088,124,156,0,33
Q9NXV6,PS51827,19,133,0,115
Q9NXV6,PS50137,462,537,0,76
Q9NXW2,PS50076,110,174,0,65
Q9NXW2,PS00636,151,170,,20
Q9NY25,PS50041,78,184,0,107
Q9NY64,PS50850,29,463,0,435
Q9NY64,PS00216,87,104,,18
Q9NY64,PS00217,129,154,,26
Q9NY64,PS00216,309,326,,18
Q9NY72,PS50835,24,123,0,100
Q9NY93,PS51195,7,35,0,29
Q9NY93,PS51192,38,218,0,181
Q9NY93,PS51194,230,424,0,195
Q9NYA1,PS50146,12,159,0,148
Q9NYC9,PS00867,4093,4100,,8
Q9NYG5,PS50089,34,77,0,44
Q9NYJ1,PS51808,31,72,0,42
Q9NYK5,PS51880,63,129,0,67
Q9NYL2,PS50011,16,277,0,262
Q9NYL2,PS00108,129,141,,13
Q9NYL2,PS50105,339,410,0,72
Q9NYM9,PS50192,15,77,0,63
Q9NYP9,PS51793,80,178,0,99
Q9NYV4,PS50011,727,1020,0,294
Q9NYV4,PS00107,733,756,,24
Q9NYV4,PS00108,855,867,,13
Q9NYY3,PS50011,82,334,0,253
Q9NYY3,PS00107,88,120,,33
Q9NYY3,PS00108,201,213,,13
Q9NYY3,PS50078,503,581,0,79
Q9NYY3,PS50078,601,685,0,85
Q9NYY8,PS51286,634,691,0,58
Q9NZ01,PS50244,197,283,0,87
Q9NZ09,PS51497,17,63,0,47
Q9NZ09,PS50030,389,430,0,42
Q9NZ09,PS50030,451,498,0,48
Q9NZ56,PS50186,533,603,0,71
Q9NZ56,PS00307,794,800,,7
Q9NZ56,PS51444,1283,1698,0,416
Q9NZ71,PS51193,7,296,0,290
Q9NZA1,PS50405,260,400,0,141
Q9NZC7,PS50020,16,49,0,34
Q9NZC7,PS01159,22,47,,26
Q9NZC7,PS50020,57,90,0,34
Q9NZC7,PS01159,63,88,,26
Q9NZC9,PS51467,226,303,0,78
Q9NZC9,PS51467,327,398,0,72
Q9NZC9,PS51192,445,600,0,156
Q9NZC9,PS51194,716,869,0,154
Q9NZJ0,PS50082,94,135,0,42
Q9NZJ0,PS50294,94,398,0,305
Q9NZJ0,PS00678,113,127,,15
Q9NZJ0,PS50082,136,171,0,36
Q9NZJ0,PS50082,219,253,0,35
Q9NZJ0,PS00678,231,245,,15
Q9NZJ0,PS50082,324,348,0,25
Q9NZJ0,PS50082,356,398,0,43
Q9NZL4,PS51257,1,22,0,22
Q9NZN5,PS50106,72,136,0,65
Q9NZN5,PS50010,787,977,0,191
Q9NZN5,PS00741,926,951,,26
Q9NZN5,PS50003,1019,1132,0,114
Q9NZQ7,PS50835,33,127,0,95
Q9NZQ7,PS50835,133,225,0,93
Q9P000,PS51269,122,196,0,75
Q9P035,PS51203,5,94,0,90
Q9P0J7,PS50135,4,60,0,57
Q9P0J7,PS01357,9,36,,28
Q9P0J7,PS50157,78,106,0,29
Q9P0K7,PS50297,18,240,0,223
Q9P0K7,PS50088,52,84,0,33
Q9P0K7,PS50088,85,117,0,33
Q9P0K7,PS50088,118,150,0,33
Q9P0K7,PS50088,151,183,0,33
Q9P0K7,PS50088,184,216,0,33
Q9P0U3,PS50600,450,614,0,165
Q9P1Z0,PS50097,30,152,0,123
Q9P1Z0,PS50157,234,262,0,29
Q9P1Z0,PS50157,309,336,0,28
Q9P1Z0,PS00028,311,331,,21
Q9P1Z0,PS50157,337,364,0,28
Q9P1Z0,PS00028,339,359,,21
Q9P1Z0,PS50157,365,388,0,24
Q9P1Z0,PS00028,367,388,,22
Q9P1Z0,PS50157,726,753,0,28
Q9P1Z0,PS00028,728,748,,21
Q9P1Z0,PS50157,765,792,0,28
Q9P1Z0,PS00028,767,787,,21
Q9P209,PS51450,55,76,0,22
Q9P209,PS51450,77,98,0,22
Q9P241,PS00154,438,444,,7
Q9P246,PS50105,136,194,0,59
Q9P253,PS50236,618,772,0,155
Q9P275,PS50235,122,423,0,302
Q9P275,PS00972,123,138,,16
Q9P275,PS00973,365,383,,19
Q9P275,PS00290,376,382,,7
Q9P278,PS51836,42,1105,0,1064
Q9P289,PS50011,24,274,0,251
Q9P289,PS00107,30,53,,24
Q9P2G3,PS50097,33,151,0,119
Q9P2M4,PS50086,401,611,0,211
Q9P2R3,PS50097,68,130,0,63
Q9P2R3,PS50297,217,1098,0,882
Q9P2R3,PS50088,322,365,0,44
Q9P2R3,PS50088,366,399,0,34
Q9P2R3,PS50088,490,522,0,33
Q9P2R3,PS50088,542,574,0,33
Q9P2R3,PS50088,621,653,0,33
Q9P2R3,PS50088,654,686,0,33
Q9P2R3,PS50088,769,801,0,33
Q9P2R3,PS50088,870,902,0,33
Q9P2R3,PS50088,905,937,0,33
Q9P2R3,PS50088,938,970,0,33
Q9P2R3,PS50088,971,992,0,22
Q9P2R3,PS50088,1043,1075,0,33
Q9P2R3,PS50178,1104,1164,0,61
Q9P2R6,PS51038,103,283,0,181
Q9P2R6,PS51156,284,387,0,104
Q9P2R6,PS51293,391,443,0,53
Q9P2W9,PS00914,249,289,,41
Q9P2Y4,PS50157,57,84,0,28
Q9P2Y4,PS00028,59,79,,21
Q9P2Y4,PS50157,85,112,0,28
Q9P2Y4,PS00028,165,186,,22
Q9P2Y4,PS50157,274,301,0,28
Q9P2Y4,PS00028,276,296,,21
Q9P2Y4,PS50157,302,329,0,28
Q9P2Y4,PS00028,304,324,,21
Q9P2Y4,PS50157,498,525,0,28
Q9P2Y4,PS00028,500,520,,21
Q9P2Y4,PS50157,526,553,0,28
Q9P2Y5,PS50004,23,149,0,127
Q9UBB5,PS50982,145,213,0,69
Q9UBC1,PS50297,68,138,0,71
Q9UBC3,PS50812,225,283,0,59
Q9UBC3,PS51533,423,555,0,133
Q9UBC3,PS51679,575,853,0,279
Q9UBC3,PS00094,643,655,,13
Q9UBF8,PS51545,29,242,0,214
Q9UBF8,PS50290,535,801,0,267
Q9UBF8,PS00915,563,577,,15
Q9UBF8,PS00916,656,676,,21
Q9UBK2,PS50102,677,753,0,77
Q9UBK8,PS50902,4,147,0,144
Q9UBK8,PS51384,271,533,0,263
Q9UBM1,PS51599,1,199,0,199
Q9UBM7,PS01017,213,228,,16
Q9UBM7,PS01018,439,462,,24
Q9UBN7,PS50271,1111,1209,0,99
Q9UBP0,PS00674,480,499,,20
Q9UBP6,PS51625,18,258,0,241
Q9UBQ5,PS50250,42,204,0,163
Q9UBS8,PS50908,11,137,0,127
Q9UBS8,PS51873,216,457,0,242
Q9UBS8,PS50089,220,265,0,46
Q9UBS8,PS00518,238,247,,10
Q9UBS8,PS00197,324,332,,9
Q9UBS8,PS00197,332,340,,9
Q9UBT6,PS50173,103,358,0,256
Q9UBT6,PS51908,621,651,0,31
Q9UBT6,PS51908,776,806,0,31
Q9UBU7,PS51265,289,337,0,49
Q9UBV8,PS50222,114,149,0,36
Q9UBV8,PS00018,127,139,,13
Q9UBV8,PS50222,181,216,0,36
Q9UBV8,PS00018,194,206,,13
Q9UBW5,PS51021,28,244,0,217
Q9UBX0,PS50071,106,166,0,61
Q9UBX0,PS00027,141,164,,24
Q9UBX2,PS50071,17,77,0,61
Q9UBX2,PS50071,92,152,0,61
Q9UBY9,PS01031,62,170,0,109
Q9UBZ4,PS51435,2,313,0,312
Q9UBZ4,PS00726,41,50,,10
Q9UBZ4,PS51999,469,518,0,50
Q9UDW3,PS50103,51,79,0,29
Q9UDY2,PS50106,33,120,0,88
Q9UDY2,PS50106,307,385,0,79
Q9UDY2,PS50106,509,590,0,82
Q9UDY2,PS50002,604,669,0,66
Q9UDY2,PS50052,690,876,0,187
Q9UDY8,PS50835,125,201,0,77
Q9UDY8,PS50835,212,305,0,94
Q9UDY8,PS50208,341,419,0,79
Q9UEE9,PS51279,218,299,0,82
Q9UF56,PS50181,318,365,0,48
Q9UFC0,PS51450,48,69,0,22
Q9UFC0,PS51450,70,91,0,22
Q9UFC0,PS51450,92,113,0,22
Q9UFC0,PS50082,388,422,0,35
Q9UFC0,PS50294,388,430,0,43
Q9UFC0,PS00678,408,422,,15
Q9UG22,PS51720,20,223,0,204
Q9UGH3,PS01116,482,502,,21
Q9UGI0,PS50199,3,33,0,31
Q9UGI0,PS01358,8,27,,20
Q9UGI0,PS50199,84,113,0,30
Q9UGI0,PS01358,88,107,,20
Q9UGI0,PS50199,149,178,0,30
Q9UGI0,PS01358,153,172,,20
Q9UGI0,PS50802,432,592,0,161
Q9UGK8,PS50012,15,67,0,53
Q9UGK8,PS00626,54,64,,11
Q9UGK8,PS50012,68,119,0,52
Q9UGK8,PS50012,120,171,0,52
Q9UGK8,PS50012,172,230,0,59
Q9UGK8,PS50012,231,283,0,53
Q9UGK8,PS50012,284,351,0,68
Q9UGK8,PS50012,351,402,0,52
Q9UGK8,PS00626,389,399,,11
Q9UGM6,PS00178,43,52,,10
Q9UGN5,PS51977,104,201,0,98
Q9UGN5,PS51060,231,348,0,118
Q9UGN5,PS51059,356,583,0,228
Q9UGN5,PS01121,428,442,,15
Q9UGN5,PS00867,498,505,,8
Q9UGP5,PS50172,36,132,0,97
Q9UGP5,PS00522,416,435,,20
Q9UGT4,PS50958,27,66,0,40
Q9UGT4,PS00524,42,62,,21
Q9UGT4,PS50856,285,433,1,149
Q9UGT4,PS51233,445,639,0,195
Q9UGT4,PS50923,723,780,0,58
Q9UGU0,PS51805,1829,1933,0,105
Q9UH92,PS50888,129,187,0,59
Q9UH99,PS51469,555,716,0,162
Q9UHA3,PS01073,8,25,,18
Q9UHB4,PS50902,6,150,0,145
Q9UHB4,PS51384,206,447,0,242
Q9UHB6,PS50023,388,448,0,61
Q9UHB6,PS00478,390,424,,35
Q9UHD4,PS51135,34,110,0,77
Q9UHD8,PS51719,295,567,0,273
Q9UHF7,PS50157,692,720,0,29
Q9UHF7,PS50114,890,948,0,59
Q9UHF7,PS00344,896,920,,25
Q9UHF7,PS00028,1217,1237,,21
Q9UHF7,PS00028,1245,1267,,23
Q9UHG0,PS50309,17,100,0,84
Q9UHG0,PS50309,139,221,0,83
Q9UHI6,PS51195,62,90,0,29
Q9UHI6,PS51192,93,264,0,172
Q9UHI6,PS00039,209,217,,9
Q9UHI6,PS51194,299,448,0,150
Q9UHK0,PS50157,174,201,0,28
Q9UHK0,PS00028,176,196,,21
Q9UHK6,PS00687,9,16,,8
Q9UHL0,PS51195,97,125,0,29
Q9UHL0,PS51192,130,300,0,171
Q9UHL0,PS51194,311,478,0,168
Q9UHX1,PS50102,129,207,0,79
Q9UHX1,PS50102,226,304,0,79
Q9UHX1,PS50102,462,549,0,88
Q9UI26,PS50166,28,100,0,73
Q9UI95,PS50815,13,203,0,191
Q9UIB8,PS50835,135,207,0,73
Q9UID6,PS50157,233,260,0,28
Q9UID6,PS00028,235,255,,21
Q9UID6,PS50157,289,316,0,28
Q9UID6,PS00028,291,311,,21
Q9UID6,PS50157,403,430,0,28
Q9UID6,PS00028,405,425,,21
Q9UID6,PS50157,431,459,0,29
Q9UID6,PS50157,460,485,0,26
Q9UID6,PS00028,462,482,,21
Q9UIF7,PS01155,196,226,,31
Q9UIF7,PS00764,287,303,,17
Q9UIF7,PS51462,364,495,0,132
Q9UIF8,PS50982,739,810,0,72
Q9UIF8,PS50827,1087,1152,0,66
Q9UIF8,PS50016,1931,1981,0,51
Q9UIF8,PS50014,2060,2164,0,105
Q9UIF8,PS00633,2082,2139,,58
Q9UIG0,PS51136,20,126,0,107
Q9UIG0,PS50827,604,668,0,65
Q9UIG0,PS50016,1184,1234,0,51
Q9UIG0,PS01359,1187,1231,,45
Q9UIG0,PS50089,1187,1232,0,46
Q9UIG0,PS50014,1339,1443,0,105
Q9UIG0,PS00633,1361,1418,,58
Q9UIH9,PS50157,321,350,0,30
Q9UIH9,PS00028,323,345,,23
Q9UIH9,PS50157,351,380,0,30
Q9UIH9,PS00028,353,375,,23
Q9UIH9,PS50157,381,408,0,28
Q9UIH9,PS00028,383,403,,21
Q9UIL8,PS51805,42,160,0,119
Q9UIS9,PS50982,1,69,0,69
Q9UIS9,PS51058,169,216,0,48
Q9UIS9,PS51058,217,263,0,47
Q9UIS9,PS51058,330,378,0,49
Q9UJ41,PS51036,13,47,0,35
Q9UJ41,PS51205,232,375,0,144
Q9UJP4,PS50097,35,103,0,69
Q9UJS0,PS50222,87,122,0,36
Q9UJS0,PS50222,158,193,0,36
Q9UJS0,PS50920,326,418,0,93
Q9UJS0,PS50920,426,510,0,85
Q9UJS0,PS50920,518,606,0,89
Q9UJU6,PS51263,4,133,0,130
Q9UJU6,PS50002,371,430,0,60
Q9UJV9,PS51195,181,209,0,29
Q9UJV9,PS51192,212,396,0,185
Q9UJV9,PS51194,407,567,0,161
Q9UJX2,PS50005,169,202,0,34
Q9UJX2,PS50293,228,500,0,273
Q9UJX2,PS50005,263,296,0,34
Q9UJX2,PS50005,331,364,0,34
Q9UJX2,PS50005,365,398,0,34
Q9UJX2,PS50005,399,432,0,34
Q9UJX2,PS50005,433,466,0,34
Q9UJX3,PS50005,135,168,0,34
Q9UJX3,PS50005,237,270,0,34
Q9UJX3,PS50293,237,508,0,272
Q9UJX3,PS50005,305,338,0,34
Q9UJX3,PS50005,339,372,0,34
Q9UJX3,PS50005,475,508,0,34
Q9UJX6,PS50069,502,700,0,199
Q9UK33,PS50157,92,119,0,28
Q9UK33,PS00028,94,114,,21
Q9UK33,PS50157,120,147,0,28
Q9UK33,PS00028,122,142,,21
Q9UK33,PS50157,150,172,0,23
Q9UK33,PS00028,152,172,,21
Q9UK41,PS51313,13,120,0,108
Q9UK41,PS51310,124,220,0,97
Q9UK80,PS50235,212,558,0,347
Q9UK80,PS00972,213,228,,16
Q9UK80,PS00973,502,519,,18
Q9UK96,PS50181,1,48,0,48
Q9UK99,PS50181,10,56,0,47
Q9UK99,PS51087,278,408,0,131
Q9UKI2,PS50108,31,45,0,15
Q9UKI8,PS50011,456,734,0,279
Q9UKI8,PS00107,462,485,,24
Q9UKI8,PS00108,582,594,,13
Q9UKK3,PS50172,1,94,0,94
Q9UKK3,PS51060,242,370,0,129
Q9UKK3,PS51059,369,573,0,205
Q9UKK3,PS51468,607,735,0,129
Q9UKK3,PS50234,876,1046,0,171
Q9UKL0,PS51156,103,189,0,87
Q9UKL0,PS51293,190,241,0,52
Q9UKL0,PS51293,381,432,0,52
Q9UKT4,PS51872,374,422,0,49
Q9UKV5,PS50089,341,379,0,39
Q9UKV5,PS51140,456,498,0,43
Q9UKV8,PS50821,229,348,0,120
Q9UKV8,PS50822,517,818,0,302
Q9UKX7,PS50196,348,468,0,121
Q9UKY1,PS50157,102,130,0,29
Q9UKY1,PS50071,299,342,0,44
Q9UKY1,PS50071,468,522,0,55
Q9UKY1,PS50071,576,626,0,51
Q9UKY1,PS50071,668,718,0,51
Q9UL18,PS50821,227,346,0,120
Q9UL18,PS50822,515,816,0,302
Q9UL40,PS00028,75,97,,23
Q9UL40,PS00028,135,158,,24
Q9UL40,PS00028,187,209,,23
Q9UL40,PS00028,241,263,,23
Q9UL49,PS50888,400,450,0,51
Q9UL54,PS50011,28,281,0,254
Q9UL54,PS00107,34,58,,25
Q9UL54,PS00108,147,159,,13
Q9UL63,PS50896,172,204,0,33
Q9UL63,PS50897,206,258,0,53
Q9ULC3,PS51419,3,234,0,232
Q9ULC5,PS00455,258,269,,12
Q9ULD5,PS50805,285,356,0,72
Q9ULD5,PS50157,546,573,0,28
Q9ULD5,PS00028,548,568,,21
Q9ULD5,PS50157,574,596,0,23
Q9ULD5,PS00028,576,596,,21
Q9ULD5,PS50157,636,663,0,28
Q9ULD5,PS00028,638,658,,21
Q9ULD5,PS50157,664,691,0,28
Q9ULD5,PS00028,666,686,,21
Q9ULD5,PS50157,694,721,0,28
Q9ULD5,PS00028,696,716,,21
Q9ULD5,PS50157,722,749,0,28
Q9ULD5,PS00028,724,744,,21
Q9ULD5,PS50157,750,777,0,28
Q9ULD5,PS00028,752,772,,21
Q9ULD5,PS50157,778,805,0,28
Q9ULD5,PS00028,780,800,,21
Q9ULD5,PS50157,806,831,0,26
Q9ULD5,PS00028,808,828,,21
Q9ULF5,PS00028,10,31,,22
Q9ULG1,PS51413,280,405,0,126
Q9ULG1,PS51192,530,701,0,172
Q9ULG1,PS51194,1105,1260,0,156
Q9ULJ3,PS50097,30,96,0,67
Q9ULJ3,PS50157,546,574,0,29
Q9ULJ3,PS00028,548,569,,22
Q9ULJ3,PS00028,577,598,,22
Q9ULJ3,PS50157,670,697,0,28
Q9ULJ3,PS00028,672,692,,21
Q9ULJ3,PS50157,775,803,0,29
Q9ULJ3,PS00028,777,798,,22
Q9ULJ3,PS50157,909,936,0,28
Q9ULJ3,PS50157,937,964,0,28
Q9ULJ3,PS00028,939,959,,21
Q9ULJ3,PS50157,1043,1066,0,24
Q9ULJ3,PS00028,1045,1065,,21
Q9ULL8,PS50106,10,92,0,83
Q9ULL8,PS51307,1208,1487,0,280
Q9ULP9,PS51886,343,554,0,212
Q9ULU4,PS50016,88,133,0,46
Q9ULU4,PS01359,91,130,,40
Q9ULU4,PS50014,145,252,0,108
Q9ULU4,PS50812,277,327,0,51
Q9ULU4,PS01360,1028,1062,,35
Q9ULU4,PS50865,1028,1062,0,35
Q9ULX6,PS51799,391,413,0,23
Q9ULX6,PS51799,484,507,0,24
Q9ULZ2,PS50003,25,121,0,97
Q9ULZ2,PS50001,182,280,0,99
Q9ULZ3,PS50824,1,91,0,91
Q9ULZ3,PS50209,113,195,0,83
Q9UM11,PS50082,225,266,0,42
Q9UM11,PS50294,225,480,0,256
Q9UM11,PS50082,309,350,0,42
Q9UM11,PS00678,373,387,,15
Q9UM11,PS50082,439,480,0,42
Q9UM11,PS00678,458,472,,15
Q9UM54,PS51844,2,53,0,52
Q9UM54,PS51456,57,771,0,715
Q9UM73,PS50060,264,427,0,164
Q9UM73,PS50060,478,636,0,159
Q9UM73,PS50011,1116,1392,0,277
Q9UM73,PS00107,1122,1150,,29
Q9UM73,PS00109,1245,1257,,13
Q9UM73,PS00239,1276,1284,,9
Q9UMN6,PS51058,959,1006,0,48
Q9UMN6,PS50016,1201,1252,0,52
Q9UMN6,PS01359,1204,1271,,68
Q9UMN6,PS01359,1218,1300,,83
Q9UMN6,PS50016,1249,1303,0,55
Q9UMN6,PS01359,1325,1393,,69
Q9UMN6,PS50016,1335,1396,0,62
Q9UMN6,PS50014,1404,1504,0,101
Q9UMN6,PS51805,1578,1686,0,109
Q9UMN6,PS51542,1727,1783,0,57
Q9UMN6,PS51543,2411,2492,0,82
Q9UMN6,PS50280,2575,2691,0,117
Q9UMN6,PS50868,2699,2715,0,17
Q9UMS4,PS51698,1,73,0,73
Q9UMS4,PS50294,217,504,0,288
Q9UMS4,PS50082,260,301,0,42
Q9UMS4,PS50231,284,422,0,139
Q9UMS4,PS50082,353,387,0,35
Q9UMS4,PS50082,388,429,0,42
Q9UMS4,PS00678,407,421,,15
Q9UMS4,PS50082,471,504,0,34
Q9UMS6,PS50106,6,88,0,83
Q9UMW8,PS50235,55,370,0,316
Q9UMW8,PS00972,56,71,,16
Q9UMW8,PS00973,302,319,,18
Q9UMY4,PS50195,28,152,0,125
Q9UMZ2,PS50031,295,377,0,83
Q9UN37,PS00674,265,284,,20
Q9UNE7,PS50005,26,59,0,34
Q9UNE7,PS50293,26,127,0,102
Q9UNE7,PS50005,60,93,0,34
Q9UNE7,PS50005,94,127,0,34
Q9UNE7,PS51698,226,300,0,75
Q9UNH5,PS50054,179,336,0,158
Q9UNH5,PS50056,261,323,0,63
Q9UNH5,PS00383,276,286,,11
Q9UNI6,PS50054,26,171,0,146
Q9UNI6,PS50056,88,150,0,63
Q9UNI6,PS50157,219,253,0,35
Q9UNI6,PS00070,300,311,,12
Q9UNK0,PS50192,145,207,0,63
Q9UNL4,PS50016,196,245,0,50
Q9UNL4,PS01359,199,242,,44
Q9UNM6,PS50250,171,338,0,168
Q9UNN5,PS50033,569,646,0,78
Q9UNQ0,PS50893,37,286,0,250
Q9UNQ2,PS51689,30,309,0,280
Q9UNQ2,PS01131,60,87,,28
Q9UNS2,PS50250,197,365,0,169
Q9UNX4,PS50294,19,712,0,694
Q9UNX4,PS50082,61,102,0,42
Q9UNX4,PS50082,103,144,0,42
Q9UNX4,PS00678,122,136,,15
Q9UNX4,PS50082,145,186,0,42
Q9UNX4,PS50082,187,228,0,42
Q9UNX4,PS00678,206,220,,15
Q9UNX4,PS50082,411,451,0,41
Q9UNX4,PS50082,492,526,0,35
Q9UNX4,PS50082,587,628,0,42
Q9UNX4,PS50082,629,670,0,42
Q9UNX4,PS50082,671,703,0,33
Q9UNY4,PS51999,6,46,0,41
Q9UNY4,PS51192,583,786,0,204
Q9UNY4,PS00690,732,741,,10
Q9UNY4,PS51194,995,1157,0,163
Q9UPN6,PS51391,1,139,0,139
Q9UPN6,PS50102,477,551,0,75
Q9UPP2,PS50096,315,344,0,30
Q9UPP2,PS50190,644,837,0,194
Q9UPQ3,PS52057,67,241,0,175
Q9UPQ3,PS50003,346,588,1,243
Q9UPQ3,PS50115,609,729,0,121
Q9UPQ3,PS50297,736,825,0,90
Q9UPQ3,PS50088,768,800,0,33
Q9UPQ4,PS50089,21,61,0,41
Q9UPQ4,PS00518,36,45,,10
Q9UPQ4,PS50119,96,137,0,42
Q9UPQ4,PS50188,284,487,0,204
Q9UPS6,PS50102,93,181,0,89
Q9UPS6,PS50280,1827,1944,0,118
Q9UPS6,PS50868,1950,1966,0,17
Q9UPT8,PS50103,390,417,0,28
Q9UPT8,PS50103,419,446,0,28
Q9UPT8,PS50103,447,470,0,24
Q9UPT9,PS50271,21,138,0,118
Q9UPT9,PS50235,176,520,0,345
Q9UPT9,PS00972,177,192,,16
Q9UPT9,PS00973,463,480,,18
Q9UPV0,PS50020,56,89,0,34
Q9UPW5,PS52035,848,1138,0,291
Q9UPY3,PS51192,51,227,0,177
Q9UPY3,PS51194,433,602,0,170
Q9UPY3,PS51327,630,722,0,93
Q9UPY3,PS50821,895,1042,0,148
Q9UPY3,PS50142,1283,1372,0,90
Q9UPY3,PS50142,1666,1824,0,159
Q9UPY3,PS00517,1702,1710,,9
Q9UPY3,PS50137,1849,1914,0,66
Q9UQ13,PS51450,124,145,0,22
Q9UQ13,PS51450,147,169,0,23
Q9UQ13,PS51450,170,191,0,22
Q9UQ13,PS51450,193,214,0,22
Q9UQ13,PS51450,216,237,0,22
Q9UQ13,PS51450,239,260,0,22
Q9UQ13,PS51450,262,283,0,22
Q9UQ13,PS51450,285,307,0,23
Q9UQ13,PS51450,308,329,0,22
Q9UQ13,PS51450,356,377,0,22
Q9UQ13,PS51450,380,400,0,21
Q9UQ13,PS51450,403,424,0,22
Q9UQ13,PS51450,426,448,0,23
Q9UQ13,PS51450,449,470,0,22
Q9UQ13,PS51450,472,494,0,23
Q9UQ13,PS51450,495,516,0,22
Q9UQ13,PS51450,518,540,0,23
Q9UQ80,PS01202,104,120,,17
Q9UQ84,PS00841,71,85,,15
Q9UQ84,PS00842,141,155,,15
Q9UQV4,PS51407,28,416,0,389
Q9Y216,PS51339,126,504,0,379
Q9Y216,PS50056,307,351,0,45
Q9Y216,PS00383,336,346,,11
Q9Y221,PS50890,94,170,0,77
Q9Y222,PS50090,225,263,0,39
Q9Y222,PS51294,268,333,0,66
Q9Y222,PS50090,339,388,0,50
Q9Y225,PS50089,78,119,0,42
Q9Y227,PS01238,217,232,,16
Q9Y237,PS50198,35,129,0,95
Q9Y241,PS51503,1,93,0,93
Q9Y253,PS50173,9,259,0,251
Q9Y253,PS51907,628,662,0,35
Q9Y255,PS50904,2,174,0,173
Q9Y263,PS50294,14,307,0,294
Q9Y263,PS50082,108,138,0,31
Q9Y263,PS50082,147,179,0,33
Q9Y263,PS50082,227,259,0,33
Q9Y263,PS51394,366,465,0,100
Q9Y263,PS51396,533,794,0,262
Q9Y2D1,PS50217,208,271,0,64
Q9Y2G1,PS51517,250,541,0,292
Q9Y2G1,PS51688,587,696,0,110
Q9Y2G2,PS51830,161,446,0,286
Q9Y2G2,PS50209,453,536,0,84
Q9Y2H1,PS50011,90,383,0,294
Q9Y2H1,PS00107,96,119,,24
Q9Y2H1,PS00108,209,221,,13
Q9Y2H1,PS51285,384,453,0,70
Q9Y2H2,PS50275,167,518,0,352
Q9Y2H2,PS51791,593,760,0,168
Q9Y2I2,PS51117,46,296,0,251
Q9Y2I2,PS50027,297,356,0,60
Q9Y2I2,PS00022,315,326,,12
Q9Y2I2,PS50027,364,419,0,56
Q9Y2I2,PS01248,384,420,,37
Q9Y2I2,PS50027,420,469,0,50
Q9Y2I2,PS00022,438,449,,12
Q9Y2I2,PS50026,463,498,0,36
Q9Y2I2,PS00022,486,497,,12
Q9Y2I6,PS50222,7,42,0,36
Q9Y2I6,PS50222,60,76,0,17
Q9Y2I6,PS50222,196,231,0,36
Q9Y2I6,PS50222,233,268,0,36
Q9Y2I6,PS00018,246,258,,13
Q9Y2I7,PS50178,158,218,0,61
Q9Y2I7,PS50186,365,440,0,76
Q9Y2I7,PS51455,1758,2084,0,327
Q9Y2I9,PS50086,249,457,0,209
Q9Y2K1,PS50097,24,91,0,68
Q9Y2K1,PS50157,578,605,0,28
Q9Y2K1,PS00028,580,600,,21
Q9Y2K1,PS50157,606,633,0,28
Q9Y2K1,PS00028,608,628,,21
Q9Y2K1,PS00028,664,684,,21
Q9Y2K1,PS50157,686,713,0,28
Q9Y2K1,PS00028,688,709,,22
Q9Y2L1,PS01175,764,788,,25
Q9Y2M0,PS51908,41,69,0,29
Q9Y2N7,PS50888,14,67,0,54
Q9Y2N7,PS50112,90,154,0,65
Q9Y2N7,PS50112,246,297,0,52
Q9Y2P8,PS01287,157,167,,11
Q9Y2R4,PS51195,165,193,0,29
Q9Y2R4,PS51192,196,374,0,179
Q9Y2R4,PS51194,385,546,0,162
Q9Y2S7,PS51087,235,360,0,126
Q9Y2U8,PS50954,6,50,0,45
Q9Y2V0,PS00659,84,93,,10
Q9Y2X3,PS51358,282,400,0,119
Q9Y2X9,PS50157,261,288,0,28
Q9Y2X9,PS00028,263,283,,21
Q9Y2X9,PS50157,289,316,0,28
Q9Y2X9,PS00028,291,311,,21
Q9Y2X9,PS50157,317,344,0,28
Q9Y2X9,PS00028,319,339,,21
Q9Y2X9,PS50157,345,366,0,22
Q9Y2Z0,PS50005,11,44,0,34
Q9Y2Z0,PS50293,30,112,0,83
Q9Y2Z0,PS50005,45,78,0,34
Q9Y2Z0,PS50005,79,112,0,34
Q9Y2Z0,PS51203,169,258,0,90
Q9Y2Z0,PS51048,276,365,0,90
Q9Y2Z4,PS00178,82,92,,11
Q9Y333,PS52002,2,76,0,75
Q9Y365,PS50848,42,224,0,183
Q9Y397,PS50216,139,189,0,51
Q9Y399,PS00962,81,92,,12
Q9Y3A5,PS01267,44,63,,20
Q9Y3B4,PS50102,19,94,0,76
Q9Y3B6,PS50249,4,139,0,136
Q9Y3E1,PS50812,11,68,0,58
Q9Y3E5,PS51257,1,25,0,25
Q9Y3I0,PS01288,68,97,,30
Q9Y3I1,PS50181,329,375,0,47
Q9Y3P9,PS01179,152,267,0,116
Q9Y3P9,PS50086,566,752,0,187
Q9Y3Q3,PS50866,38,120,0,83
Q9Y3U8,PS01190,52,62,,11
Q9Y3Z3,PS50105,45,110,0,66
Q9Y3Z3,PS51831,164,316,0,153
Q9Y446,PS50176,361,404,0,44
Q9Y450,PS51722,258,482,0,225
Q9Y463,PS50011,111,431,0,321
Q9Y463,PS00107,117,140,,24
Q9Y463,PS00108,235,247,,13
Q9Y4B6,PS50896,846,878,0,33
Q9Y4C2,PS51723,542,841,0,300
Q9Y4C4,PS51450,64,85,0,22
Q9Y4C4,PS51450,88,109,0,22
Q9Y4C4,PS51450,112,133,0,22
Q9Y4C4,PS51450,136,157,0,22
Q9Y4C4,PS51450,159,180,0,22
Q9Y4C4,PS51450,182,203,0,22
Q9Y4C4,PS51450,205,226,0,22
Q9Y4C4,PS51450,251,272,0,22
Q9Y4C4,PS51450,274,296,0,23
Q9Y4C4,PS51450,297,318,0,22
Q9Y4C4,PS51450,320,341,0,22
Q9Y4C4,PS51450,343,364,0,22
Q9Y4C4,PS51424,403,649,0,247
Q9Y4C8,PS50102,2,79,0,78
Q9Y4C8,PS50102,294,369,0,76
Q9Y4C8,PS50102,402,480,0,79
Q9Y4C8,PS50102,587,659,0,73
Q9Y4C8,PS50102,730,811,0,82
Q9Y4C8,PS50102,832,912,0,81
Q9Y4E5,PS50157,169,200,0,32
Q9Y4E5,PS00028,171,195,,25
Q9Y4E5,PS00028,255,277,,23
Q9Y4E5,PS50157,315,337,0,23
Q9Y4E5,PS00028,317,337,,21
Q9Y4E5,PS00028,364,386,,23
Q9Y4E5,PS50157,498,526,0,29
Q9Y4E5,PS00028,500,521,,22
Q9Y4E5,PS50157,531,559,0,29
Q9Y4E5,PS00028,533,554,,22
Q9Y4E5,PS50157,636,664,0,29
Q9Y4E5,PS00028,638,659,,22
Q9Y4E5,PS00028,669,690,,22
Q9Y4E5,PS00028,791,812,,22
Q9Y4G2,PS50826,41,183,0,143
Q9Y4G2,PS50003,534,625,0,92
Q9Y4G2,PS50081,986,1040,0,55
Q9Y4X0,PS51112,119,313,0,195
Q9Y4X5,PS51873,182,393,0,212
Q9Y4X5,PS50089,186,234,0,49
Q9Y512,PS51779,45,125,0,81
Q9Y530,PS51154,1,152,0,152
Q9Y535,PS00290,72,78,,7
Q9Y561,PS01180,47,159,0,113
Q9Y561,PS50068,165,201,0,37
Q9Y561,PS01209,178,200,,23
Q9Y561,PS50068,214,255,0,42
Q9Y561,PS01180,259,372,0,114
Q9Y561,PS50068,374,411,0,38
Q9Y561,PS50068,412,449,0,38
Q9Y561,PS50068,450,486,0,37
Q9Y561,PS01209,463,485,,23
Q9Y577,PS50089,16,66,0,51
Q9Y577,PS00518,31,40,,10
Q9Y577,PS50119,94,135,0,42
Q9Y577,PS50188,277,475,0,199
Q9Y5A7,PS50030,374,414,0,41
Q9Y5A7,PS50030,424,470,0,47
Q9Y5A7,PS50030,489,529,0,41
Q9Y5A9,PS50882,410,544,0,135
Q9Y5B0,PS50969,178,344,0,167
Q9Y5B0,PS50172,629,728,0,100
Q9Y5B8,PS51336,3,91,0,89
Q9Y5B8,PS51374,92,235,0,144
Q9Y5B8,PS51374,238,376,0,139
Q9Y5J1,PS50294,378,419,0,42
Q9Y5J1,PS50082,385,419,0,35
Q9Y5J1,PS00678,397,411,,15
Q9Y5K5,PS52048,7,225,0,219
Q9Y5K5,PS52049,291,319,0,29
Q9Y5K6,PS50002,1,59,0,59
Q9Y5K6,PS50002,108,167,0,60
Q9Y5K6,PS50002,269,330,0,62
Q9Y5M8,PS51417,58,271,0,214
Q9Y5P4,PS50003,23,117,1,95
Q9Y5P4,PS50848,415,618,0,204
Q9Y5P8,PS50222,388,423,0,36
Q9Y5P8,PS00018,401,413,,13
Q9Y5Q5,PS50038,134,259,0,126
Q9Y5Q5,PS50068,268,305,0,38
Q9Y5Q5,PS01209,282,306,,25
Q9Y5Q5,PS50068,305,341,0,37
Q9Y5Q5,PS01209,318,342,,25
Q9Y5Q5,PS50068,341,378,0,38
Q9Y5Q5,PS01209,355,379,,25
Q9Y5Q5,PS50068,378,415,0,38
Q9Y5Q5,PS01209,392,414,,23
Q9Y5Q5,PS50038,450,573,0,124
Q9Y5Q5,PS50068,579,615,0,37
Q9Y5Q5,PS01209,592,616,,25
Q9Y5Q5,PS50068,615,653,0,39
Q9Y5Q5,PS50068,654,690,0,37
Q9Y5Q5,PS01209,667,689,,23
Q9Y5Q5,PS50240,802,1035,0,234
Q9Y5Q5,PS00420,935,972,,38
Q9Y5Q5,PS00135,979,990,,12
Q9Y5S9,PS50102,73,151,0,79
Q9Y5T5,PS50271,22,142,0,121
Q9Y5T5,PS50235,196,822,0,627
Q9Y5T5,PS00972,197,212,,16
Q9Y5T5,PS00973,742,759,,18
Q9Y5W7,PS51207,130,304,0,175
Q9Y5W7,PS50132,336,468,0,133
Q9Y5W7,PS50195,570,690,0,121
Q9Y5W9,PS50195,16,132,0,117
Q9Y5X1,PS50002,1,62,0,62
Q9Y5X1,PS50195,250,361,0,112
Q9Y5X2,PS50195,73,181,0,109
Q9Y5X5,PS50262,164,435,0,272
Q9Y5X5,PS00237,233,249,,17
Q9Y5Y0,PS50850,110,516,0,407
Q9Y5Y2,PS01215,123,139,,17
Q9Y5Z7,PS50853,359,449,0,91
Q9Y5Z7,PS50853,583,675,0,93
Q9Y5Z7,PS50853,677,787,0,111
Q9Y624,PS50835,27,125,0,99
Q9Y624,PS50835,135,228,0,94
Q9Y679,PS51140,296,338,0,43
Q9Y697,PS00595,249,268,,20
Q9Y6B6,PS51422,19,197,0,179
Q9Y6C9,PS50920,2,98,0,97
Q9Y6C9,PS50920,118,206,0,89
Q9Y6E0,PS50011,36,286,0,251
Q9Y6E0,PS00107,42,65,,24
Q9Y6F1,PS51977,59,150,0,92
Q9Y6F1,PS51060,182,300,0,119
Q9Y6F1,PS51059,313,533,0,221
Q9Y6G5,PS51269,133,202,0,70
Q9Y6H5,PS50297,349,510,0,162
Q9Y6H5,PS50088,456,488,0,33
Q9Y6I4,PS50271,1,121,0,121
Q9Y6I4,PS50235,159,511,0,353
Q9Y6I4,PS00972,160,175,,16
Q9Y6I4,PS00973,454,472,,19
Q9Y6J0,PS50005,90,123,0,34
Q9Y6J0,PS50293,90,157,0,68
Q9Y6J0,PS50005,124,157,0,34
Q9Y6J0,PS50005,615,648,0,34
Q9Y6J0,PS50005,1055,1088,0,34
Q9Y6J0,PS50293,1055,1088,0,34
Q9Y6J0,PS00093,1345,1350,,6
Q9Y6K0,PS51257,1,30,0,30
Q9Y6K0,PS00379,136,158,,23
Q9Y6K1,PS50812,292,350,0,59
Q9Y6K1,PS51533,482,614,0,133
Q9Y6K1,PS51679,634,912,0,279
Q9Y6K1,PS00094,702,714,,13
Q9Y6K8,PS00113,215,226,,12
Q9Y6K8,PS00113,458,469,,12
Q9Y6K9,PS51801,389,419,0,31
Q9Y6N9,PS50106,87,155,0,69
Q9Y6N9,PS50106,211,281,0,71
Q9Y6N9,PS50106,452,525,0,74
Q9Y6Q6,PS50050,33,68,0,36
Q9Y6Q6,PS00652,34,68,,35
Q9Y6Q6,PS01186,112,127,,16
Q9Y6W5,PS51082,436,453,0,18
Q9Y6X8,PS50157,110,138,0,29
Q9Y6X8,PS50071,447,497,0,51
Q9Y6X8,PS50071,537,587,0,51
Q9Y6X8,PS50071,636,686,0,51
Q9Y6X9,PS51050,490,544,0,55
Q9Y6Y0,PS50097,32,99,0,68
U3KPU7,PS50850,13,419,0,407
U3KPU7,PS00942,133,149,,17
